Class,Polymer,As,Cd,Co,Cr,Cu,Fe,Hg,Li,Mn,Ni,Pb,Sb,Ti,Zn,Metals Concentrations-Al (ppm),Intrinsic Viscosity (dL/g),Tensile strength (Mpa),Paper,Cardboard,Food residue,Others,PET,PP,PE
1,PET,0.03,0.03,0.21,0.48,0.65,7.15,1.17,0.14,0.27,1.3,0.2,279,25.1,6.6,28.4,0.717348025,34.06494801,5.407525225,4.497227037,1,2,0.965401813,0.000440757,0.034157429
2,PET,0.03,0.03,0.19,0.48,0.65,9.73,1.17,0.16,56.7,0.58,0.15,0.38,19.2,6.6,88.5,0.601654808,7.663752012,3.005724624,2.432269949,1.277970106,2,0.932006906,0.000589913,0.067403181
2,PET,0.03,0.03,0.38,0.48,0.75,4.05,1.38,0.14,3.68,0.58,0.17,102,1620,6.6,53.7,0.61965,17.16812155,2.792644215,3.140447384,1.201573962,2,0.832561222,0.000541838,0.16689694
3,PET,0.03,0.03,3.13,2.39,0.75,5.69,1.17,0.18,0.3,0.67,0.13,271,6.43,6.6,45.1,0.625886097,23.12606188,3.899945395,4.717298122,1.164376206,2,0.900116175,0.000544554,0.099339271
3,PET,0.03,0.03,10.74,0.48,1.07,17.5,1.17,0.21,0.36,6.31,0.13,304,3.39,6.6,28.4,0.66350286,21.24519733,5.557225871,4.355931084,1.194440523,2,0.802925429,0.000677834,0.196396737
4,PET,0.14,0.03,8.1,10.5,41,362,1.17,0.54,5.43,3.26,0.65,226,1500,21,440,0.564338398,8.714258861,6.531064929,6.200223773,1.056465802,2.094981594,0.088676364,0.083915616,0.82740802
4,PET,0.09,0.03,6.19,8.46,9.96,401,1.43,0.24,3.09,0.9,0.23,224,1340,9.91,516,0.567068759,27.83454698,6.512917424,6.577232515,1.032807501,2.043026603,0.345254175,0.019323305,0.635422521
4,PET,0.05,0.03,3.38,11.4,2.71,364,1.17,0.25,5.01,1.57,0.4,181,322,6.6,278,0.589087617,8.734181186,6.289436979,6.430649095,1.098445523,2.077862737,0.590646308,0.032708465,0.376645228
4,PET,0.04,0.03,1.09,5.55,1.89,297,1.73,0.14,2.97,0.7,0.28,211,599,6.6,160,0.594504062,6.792264524,6.096772329,6.087349989,1.080498912,2.073406863,0.659393517,0.085212401,0.255394082
4,PET,0.06,0.03,4.79,5.4,1.92,194,1.45,0.19,2.23,1.08,0.53,226,753,8.32,160,0.580181236,8.973650255,6.927035589,6.450184152,1.076255934,2.052566174,0.356717552,0.004245148,0.6390373
4,PET,0.04,0.03,2.65,1.39,3.08,86.5,1.17,0.53,1.1,1.1,0.38,168,877,8.44,625,0.574132974,19.66712009,6.093544936,6.313463843,1.008289357,2.013636355,0.37340201,0.042466097,0.584131893
4,PET,0.48,0.03,7.75,10.7,7.22,426,1.17,0.56,6.68,1.86,1,169,2560,6.6,802,0.563511647,17.02627452,6.719877516,6.020511159,1.002431092,2.058167872,0.002519114,0.062741989,0.934738897
4,PET,0.2,0.03,0.82,3.76,1.81,150,1.17,0.56,2.52,0.57,0.46,129,6670,6.6,266,0.581069076,11.24965263,6.452170367,6.51128218,1.006725939,2.019706523,0.338145933,0.001988376,0.659865692
4,PET,0.11,0.03,6.12,3.31,1.35,144,1.17,0.14,1.57,0.76,0.25,112,1810,9.19,182,0.593680188,6.768027641,6.887972372,6.408374845,1.093112381,2.092033718,0.020810047,0.062993837,0.916196116
4,PET,0.04,0.04,0.58,0.85,0.65,23.2,1.41,0.14,0.55,0.58,0.28,20.5,1420,6.6,68.1,0.583872823,21.3146452,6.402678138,6.556588812,1.072270161,2.096324175,0.43190226,0.08777678,0.48032096
1,PET,0.03,0.03,0.21,0.48,0.65,7.15,1.17,0.14,0.27,1.3,0.2,279,25.1,6.6,28.4,0.717348025,5.407525225,5.407525225,4.497227037,1,2,0.974047524,0.00026243,0.025690046
1,PET,0.03,0.03,0.21,0.48,0.65,7.15,1.17,0.14,0.27,1.3,0.2,279,25.1,6.6,28.4,0.717348025,5.407525225,5.407525225,4.497227037,1,2,0.968453936,0.00045355,0.031092513
3,PET,0.03,0.03,4.1792443,2.383184292,1.002960936,17.44773158,1.17,0.206998009,0.34021552,1.319018372,0.13,300.532686,5.175545342,6.6,32.05234083,0.649892339,4.471570615,4.433220075,4.677741458,1.186060496,2,0.823233116,0.000693222,0.176073662
4,PET,0.362208025,0.037294224,0.682786704,3.820491765,28.89540112,419.1594529,1.585557298,0.450589649,1.617964292,1.899469192,0.237912567,54.3362641,3996.665075,16.7691747,141.088787,0.589669127,6.45757146,6.547343885,6.553748462,1.051085503,2.056629937,0.507948095,0.061409183,0.430642722
1,PET,0.03,0.03,0.21,0.48,0.65,7.15,1.17,0.14,0.27,1.3,0.2,279,25.1,6.6,28.4,0.717348025,5.407525225,5.407525225,4.497227037,1,2,0.971743861,0.000250332,0.028005807
2,PET,0.03,0.03,0.243082522,0.48,0.716089935,9.162812374,1.277012786,0.145772538,15.80613222,0.58,0.16947441,51.43258743,608.4142715,6.6,65.69662819,0.658012417,2.882124996,2.808986268,2.919449456,1.248296331,2,0.887807135,0.000549116,0.111643748
2,PET,0.03,0.03,0.223192433,0.48,0.717316562,8.799677023,1.278860639,0.141721263,41.99267755,0.58,0.151237087,74.29483261,1197.796041,6.6,75.60858682,0.669357687,2.839785813,2.86296127,3.108250715,1.233111506,2,0.981776888,0.000694889,0.017528223
1,PET,0.03,0.03,0.21,0.48,0.65,7.15,1.17,0.14,0.27,1.3,0.2,279,25.1,6.6,28.4,0.717348025,5.407525225,5.407525225,4.497227037,1,2,0.979695834,0.00047502,0.019829146
2,PET,0.03,0.03,0.314252455,0.48,0.737460307,9.582257173,1.313893206,0.157509288,30.48650256,0.58,0.163345661,58.93523107,1247.084906,6.6,63.73324927,0.621134643,2.986125454,2.982429087,3.119723123,1.249112847,2,0.962722818,0.000696094,0.036581088
3,PET,0.03,0.03,10.68621624,1.012302302,0.78540886,14.54336472,1.17,0.184352791,0.35761201,0.941137109,0.13,302.9746604,3.782491463,6.6,42.78805532,0.660954591,4.760950411,4.457516305,4.443937099,1.170469937,2,0.855776132,0.000615069,0.143608799
2,PET,0.03,0.03,0.375954036,0.48,0.693889483,4.193374987,1.332019264,0.146032249,33.21871472,0.58,0.169471509,25.26052979,250.7617063,6.6,80.97358548,0.628472999,2.957890488,2.835602654,2.989897287,1.247270886,2,0.802054945,0.000645581,0.197299473
1,PET,0.03,0.03,0.21,0.48,0.65,7.15,1.17,0.14,0.27,1.3,0.2,279,25.1,6.6,28.4,0.717348025,5.407525225,5.407525225,4.497227037,1,2,0.975178655,0.000385325,0.02443602
4,PET,0.177925255,0.038909532,7.445237464,8.319813427,8.323518313,178.2061705,1.500586146,0.324156283,1.879982643,1.703103662,0.809200915,187.0625758,4547.26016,7.544269389,747.7591418,0.586102442,6.387860109,6.094005862,6.283541619,1.043263182,2.067212143,0.185299315,0.062481028,0.752219657
2,PET,0.03,0.03,0.274405555,0.48,0.728693769,6.889807313,1.250123938,0.140525579,22.35472957,0.58,0.153633687,80.75519254,1006.422001,6.6,60.45465061,0.708613356,2.829343452,2.800390242,2.624446497,1.261417076,2,0.861033106,0.000503413,0.138463481
4,PET,0.112768588,0.034627256,7.827148987,10.12327231,27.05355996,358.4531411,1.506605403,0.163009347,5.449494647,1.179011768,0.799038126,201.4333246,4262.145505,8.106294064,146.9418871,0.57250844,6.767925726,6.805748903,6.085349821,1.037215056,2.017266672,0.228866929,0.002773736,0.768359335
2,PET,0.03,0.03,0.190741019,0.48,0.694727011,4.569806616,1.28594898,0.14950252,48.39842158,0.58,0.153789007,43.78732308,101.1378733,6.6,68.59466459,0.65931224,2.941056968,2.976963996,2.722616495,1.249179802,2,0.835817826,0.000635953,0.163546221
1,PET,0.03,0.03,0.21,0.48,0.65,7.15,1.17,0.14,0.27,1.3,0.2,279,25.1,6.6,28.4,0.717348025,5.407525225,5.407525225,4.497227037,1,2,0.983728479,0.000174918,0.016096603
3,PET,0.03,0.03,4.554399554,2.308141997,0.906064855,9.454250678,1.17,0.198021462,0.325407541,4.687805623,0.13,285.3224623,3.818339497,6.6,33.31451486,0.707502,4.858825,4.414328898,4.679584731,1.180046269,2,0.945588038,0.000502655,0.053909308
1,PET,0.03,0.03,0.21,0.48,0.65,7.15,1.17,0.14,0.27,1.3,0.2,279,25.1,6.6,28.4,0.717348025,5.407525225,5.407525225,4.497227037,1,2,0.969344925,0.000494285,0.03016079
2,PET,0.03,0.03,0.348687099,0.48,0.707263072,6.602270186,1.372006273,0.14189662,31.20333671,0.58,0.165843054,100.3039921,488.8974325,6.6,64.84949107,0.630579882,2.974443415,2.953159991,2.439767477,1.234144398,2,0.994565721,0.000635192,0.004799087
3,PET,0.03,0.03,7.607791582,1.167193972,0.946230799,7.577931728,1.17,0.207946689,0.326210859,5.918387945,0.13,293.0118054,4.731609041,6.6,40.07877357,0.659719366,5.447278882,4.226440282,4.404152398,1.167365337,2,0.833062658,0.000570259,0.166367084
4,PET,0.30111426,0.031195989,3.409518965,6.066193763,25.5553909,356.4808326,1.494993516,0.457729952,2.658956449,3.123386756,0.411893217,91.79044368,2976.512542,12.12156647,70.44036713,0.569120424,6.172858463,6.722759287,6.098143433,1.034315378,2.06127407,0.097307783,0.065902981,0.836789236
4,PET,0.050441395,0.039880241,3.288071138,4.515343888,16.07680105,45.05074403,1.363324746,0.38387581,3.823658805,1.763662289,0.937563882,207.2263614,1206.691617,11.39329532,244.6609833,0.576179091,6.270667001,6.66292576,6.224204709,1.079175914,2.093615799,0.472557294,0.039607341,0.487835364
4,PET,0.13282769,0.034588223,3.142226451,8.46588694,10.85019055,361.3896667,1.352794709,0.17035634,3.241911595,3.228779774,0.545106026,64.68114387,6226.283979,16.26121773,545.3847669,0.579622202,6.173790018,6.810631253,6.137759405,1.009496426,2.09540889,0.303466166,0.02878643,0.667747403
1,PET,0.03,0.03,0.21,0.48,0.65,7.15,1.17,0.14,0.27,1.3,0.2,279,25.1,6.6,28.4,0.717348025,5.407525225,5.407525225,4.497227037,1,2,0.991305301,0.000190063,0.008504636
3,PET,0.03,0.03,10.00057094,1.986908698,1.018621909,8.912192406,1.17,0.18271778,0.317675241,5.944881104,0.13,283.8746656,6.381876262,6.6,44.33335095,0.653292563,4.224926898,5.225759745,4.660191159,1.182232701,2,0.844220744,0.00061259,0.155166666
4,PET,0.241997725,0.031089014,8.053800361,3.414662758,23.54126498,399.9708289,1.205259071,0.512830353,6.45861243,1.523278314,0.580296574,132.9209948,4514.929491,13.90667151,108.7316881,0.570909097,6.832246303,6.676502457,6.385838606,1.043606752,2.039899083,0.145316101,0.095443049,0.75924085
3,PET,0.03,0.03,5.396530092,1.728182234,1.063235067,17.02658531,1.17,0.191446588,0.34025139,0.756761587,0.13,276.3059092,5.641180321,6.6,40.57958312,0.632946332,4.162082093,5.241346276,4.657902636,1.192897259,2,0.821091224,0.000542912,0.178365865
2,PET,0.03,0.03,0.326373749,0.48,0.677096627,6.596734224,1.379682723,0.150904188,21.21203561,0.58,0.16212066,33.73103643,1149.51253,6.6,55.74362606,0.673036453,2.95715768,2.869015292,2.636074432,1.201682915,2,0.924850706,0.00060192,0.074547374
2,PET,0.03,0.03,0.323149219,0.48,0.722622004,7.563327507,1.285193387,0.159998051,36.95765586,0.58,0.157993524,77.72675973,177.1438815,6.6,88.04660749,0.658448087,2.911635208,2.921412884,2.445398055,1.245802512,2,0.817679615,0.000594877,0.181725508
1,PET,0.03,0.03,0.21,0.48,0.65,7.15,1.17,0.14,0.27,1.3,0.2,279,25.1,6.6,28.4,0.717348025,5.407525225,5.407525225,4.497227037,1,2,0.976605597,0.000248848,0.023145555
1,PET,0.03,0.03,0.21,0.48,0.65,7.15,1.17,0.14,0.27,1.3,0.2,279,25.1,6.6,28.4,0.717348025,5.407525225,5.407525225,4.497227037,1,2,0.989843027,0.00024,0.009916973
4,PET,0.182118747,0.038665223,2.1472388,3.325321326,38.1013945,176.2808411,1.193287035,0.263691158,4.680899942,2.027734237,0.449968079,169.0790697,4788.221939,18.01760545,517.1550055,0.565751505,6.14549865,6.278648316,6.563549139,1.020466715,2.07280816,0.421831945,0.093029721,0.485138334
4,PET,0.234207057,0.03289153,2.553905265,1.868546234,30.43644754,230.3791692,1.288821737,0.369790998,4.699224694,2.665984818,0.863178253,178.1990851,334.686892,17.45472998,598.3340307,0.577905811,6.469342026,6.230832581,6.348163202,1.023233395,2.015491996,0.556827893,0.085434951,0.357737155
4,PET,0.349750279,0.030398308,0.772181773,0.968946315,30.89785173,82.95960964,1.499890428,0.446410121,6.077273162,1.830500841,0.308368082,74.84771153,2996.516652,7.861752185,668.0236521,0.56526511,6.764520652,6.217591811,6.394631484,1.024859256,2.074509771,0.434933306,0.091148158,0.473918536
4,PET,0.297595501,0.03984784,7.892093209,4.336765357,1.523383785,288.9592144,1.459195381,0.481904185,5.263121498,2.738023714,0.63475635,28.57477056,6355.712049,11.11818044,124.4439965,0.563574602,6.747997708,6.100416875,6.219069615,1.092093798,2.056241801,0.559346134,0.066683795,0.373970071
1,PET,0.03,0.03,0.21,0.48,0.65,7.15,1.17,0.14,0.27,1.3,0.2,279,25.1,6.6,28.4,0.717348025,5.407525225,5.407525225,4.497227037,1,2,0.952034054,0.000347561,0.047618385
3,PET,0.03,0.03,10.0733806,1.493325338,0.92653139,15.0097789,1.17,0.197773538,0.357446435,4.739297929,0.13,293.2648882,6.423265294,6.6,37.06702186,0.669654866,4.651428839,4.388412823,4.627827431,1.18682183,2,0.939904038,0.000597941,0.059498022
1,PET,0.03,0.03,0.21,0.48,0.65,7.15,1.17,0.14,0.27,1.3,0.2,279,25.1,6.6,28.4,0.717348025,5.407525225,5.407525225,4.497227037,1,2,0.970526334,0.0003559,0.029117766
4,PET,0.094536211,0.030389196,5.463246427,8.815250585,8.484646792,30.64093786,1.196505327,0.525215979,1.074439735,3.152903021,0.458835868,75.13951747,3188.575165,10.89163016,716.158689,0.580471871,6.295978596,6.346682922,6.473973474,1.005877784,2.08723051,0.623090169,0.066792027,0.310117804
3,PET,0.03,0.03,5.203895726,1.245797386,0.811682219,10.53912584,1.17,0.200840314,0.315430769,3.233289071,0.13,276.0725162,6.002896876,6.6,34.80632129,0.669407235,4.122472455,5.066886432,4.514434302,1.164495476,2,0.908604379,0.000612914,0.090782706
2,PET,0.03,0.03,0.209400084,0.48,0.66260159,6.694922399,1.365179396,0.148938187,20.57071852,0.58,0.159847722,52.45614876,1408.745501,6.6,62.60655179,0.714577211,2.848251629,2.966643388,2.8603082,1.223773497,2,0.833540114,0.000623181,0.165836705
4,PET,0.100491386,0.037987153,5.618815502,7.65579102,9.798182287,258.8100219,1.581904349,0.30632995,4.83404841,0.918840403,0.457771244,225.469817,4157.528861,6.618494783,704.902611,0.566124062,6.617302547,6.268869362,6.422886504,1.056651371,2.066138939,0.155315214,0.00769849,0.836986296
1,PET,0.03,0.03,0.21,0.48,0.65,7.15,1.17,0.14,0.27,1.3,0.2,279,25.1,6.6,28.4,0.717348025,5.407525225,5.407525225,4.497227037,1,2,0.990361044,0.000447255,0.009191701
2,PET,0.03,0.03,0.304591331,0.48,0.655113817,7.386451753,1.220625878,0.154037452,6.581218371,0.58,0.162238769,99.15335245,1360.810671,6.6,77.5302007,0.603966541,2.913708627,2.968421479,2.875102669,1.241698886,2,0.904248309,0.000616026,0.095135665
2,PET,0.03,0.03,0.309678115,0.48,0.708085259,9.559489203,1.269849277,0.150638515,5.901976803,0.58,0.15242444,77.86726495,770.8844609,6.6,70.48479995,0.679544905,2.991918883,2.868368512,3.077341381,1.245438717,2,0.895309625,0.000505447,0.104184929
3,PET,0.03,0.03,3.311120477,1.246074498,0.926657671,14.72096698,1.17,0.186897417,0.346698662,1.554514092,0.13,282.4445976,3.509320093,6.6,43.11102638,0.702098018,4.528957355,5.493636462,4.697727006,1.172199051,2,0.837173194,0.000540612,0.162286194
2,PET,0.03,0.03,0.221819169,0.48,0.689967437,7.004774901,1.173431623,0.149756677,31.60612754,0.58,0.159380715,70.5139576,184.3503651,6.6,65.30224393,0.709363046,2.826656911,2.804823171,2.872337517,1.253696934,2,0.847831738,0.000546732,0.15162153
1,PET,0.03,0.03,0.21,0.48,0.65,7.15,1.17,0.14,0.27,1.3,0.2,279,25.1,6.6,28.4,0.717348025,5.407525225,5.407525225,4.497227037,1,2,0.989477683,0.000269875,0.010252442
3,PET,0.03,0.03,5.593572393,1.054671826,0.772119287,5.929441801,1.17,0.201944079,0.35511849,1.642001715,0.13,286.4360211,4.681253934,6.6,33.03387247,0.71568629,5.097820052,4.079929379,4.502490638,1.174244928,2,0.829128393,0.000541592,0.170330016
1,PET,0.03,0.03,0.21,0.48,0.65,7.15,1.17,0.14,0.27,1.3,0.2,279,25.1,6.6,28.4,0.717348025,5.407525225,5.407525225,4.497227037,1,2,0.995200233,0.000351057,0.00444871
2,PET,0.03,0.03,0.370217461,0.48,0.746404012,6.477256568,1.188062987,0.140670462,41.04989182,0.58,0.150656994,62.49324675,805.8873708,6.6,60.45215894,0.611813871,2.818849202,2.868333365,2.754031961,1.26139509,2,0.991000274,0.000522107,0.008477619
3,PET,0.03,0.03,9.96076442,0.583418378,0.767064046,9.347500963,1.17,0.182531595,0.344265847,0.739516101,0.13,282.8066537,6.033644672,6.6,37.43568346,0.669573499,4.661223602,5.066865419,4.535954686,1.191845072,2,0.846957182,0.000594699,0.152448119
3,PET,0.03,0.03,6.024988631,1.344999671,0.866823026,11.49459477,1.17,0.204303678,0.315948054,4.888441167,0.13,302.6573618,4.13159052,6.6,32.89620861,0.651328837,4.105065089,4.723045565,4.528264576,1.16917378,2,0.884048277,0.000536333,0.115415389
1,PET,0.03,0.03,0.21,0.48,0.65,7.15,1.17,0.14,0.27,1.3,0.2,279,25.1,6.6,28.4,0.717348025,5.407525225,5.407525225,4.497227037,1,2,0.98206808,0.000260717,0.017671203
1,PET,0.03,0.03,0.21,0.48,0.65,7.15,1.17,0.14,0.27,1.3,0.2,279,25.1,6.6,28.4,0.717348025,5.407525225,5.407525225,4.497227037,1,2,0.978032301,0.000190809,0.02177689
1,PET,0.03,0.03,0.21,0.48,0.65,7.15,1.17,0.14,0.27,1.3,0.2,279,25.1,6.6,28.4,0.717348025,5.407525225,5.407525225,4.497227037,1,2,0.964599986,0.000156979,0.035243035
3,PET,0.03,0.03,5.384932741,0.716474951,0.926800347,15.22334466,1.17,0.207589537,0.325961058,4.924656907,0.13,297.2099977,5.716604891,6.6,29.33642783,0.710275573,4.01945673,4.832502533,4.663332295,1.165134848,2,0.884195981,0.00067195,0.115132068
1,PET,0.03,0.03,0.21,0.48,0.65,7.15,1.17,0.14,0.27,1.3,0.2,279,25.1,6.6,28.4,0.717348025,5.407525225,5.407525225,4.497227037,1,2,0.950295789,0.000204454,0.049499756
2,PET,0.03,0.03,0.247553893,0.48,0.721084634,7.430463768,1.330048069,0.14038763,53.24474883,0.58,0.16505662,93.99085589,988.3998568,6.6,63.54696566,0.665114704,2.909944636,2.982247722,2.890664432,1.216362291,2,0.843980462,0.000614563,0.155404974
2,PET,0.03,0.03,0.247477849,0.48,0.664752235,9.596584112,1.231333323,0.151138389,24.23901242,0.58,0.166984402,14.41828181,710.7363074,6.6,70.60713813,0.612147821,2.942844016,2.957488924,3.017267642,1.231206073,2,0.987195513,0.000625382,0.012179105
1,PET,0.03,0.03,0.21,0.48,0.65,7.15,1.17,0.14,0.27,1.3,0.2,279,25.1,6.6,28.4,0.717348025,5.407525225,5.407525225,4.497227037,1,2,0.989273944,0.000380468,0.010345588
2,PET,0.03,0.03,0.231877271,0.48,0.727342192,8.894767458,1.301336386,0.155623807,35.24274912,0.58,0.165197795,73.11138816,443.3985276,6.6,62.42417874,0.667464144,2.949446365,2.862440695,3.04731487,1.224193,2,0.812386135,0.000529247,0.187084618
1,PET,0.03,0.03,0.21,0.48,0.65,7.15,1.17,0.14,0.27,1.3,0.2,279,25.1,6.6,28.4,0.717348025,5.407525225,5.407525225,4.497227037,1,2,0.971721442,0.000307262,0.027971295
4,PET,0.28566018,0.034337553,4.56398854,11.07776743,7.945298595,255.5145784,1.268280264,0.168854059,4.071227026,0.981970118,0.878594893,52.75280925,4655.643939,7.611444646,269.6331147,0.58684405,6.267567675,6.889619281,6.110042215,1.041304519,2.036544476,0.023628407,0.073024032,0.903347561
4,PET,0.294960275,0.033897702,5.08559298,10.01637289,22.87673746,278.9318879,1.261999542,0.253897219,2.533947483,1.649449551,0.791406307,222.5789834,3339.171681,17.79937515,790.6108358,0.593565256,6.359774374,6.619888219,6.376421938,1.075559016,2.076847516,0.64233504,0.036518594,0.321146366
3,PET,0.03,0.03,3.784590173,1.870968671,0.803407746,12.09836687,1.17,0.209935505,0.341438437,3.838969927,0.13,274.4548125,6.386945967,6.6,40.86149349,0.630279185,4.965134073,4.757886484,4.595789131,1.193508687,2,0.928273878,0.000683317,0.071042805
1,PET,0.03,0.03,0.21,0.48,0.65,7.15,1.17,0.14,0.27,1.3,0.2,279,25.1,6.6,28.4,0.717348025,5.407525225,5.407525225,4.497227037,1,2,0.983832889,0.000451329,0.015715782
1,PET,0.03,0.03,0.21,0.48,0.65,7.15,1.17,0.14,0.27,1.3,0.2,279,25.1,6.6,28.4,0.717348025,5.407525225,5.407525225,4.497227037,1,2,0.966996083,0.000398607,0.03260531
4,PET,0.229181089,0.035276236,2.041205552,3.107473813,20.24620215,402.3263884,1.561150356,0.14773713,5.50919376,1.634186369,0.31911568,98.76869634,6372.036867,17.51281723,482.4413076,0.566081482,6.909476113,6.230507412,6.351691586,1.053085042,2.060408615,0.230869432,0.029107052,0.740023515
2,PET,0.03,0.03,0.320706458,0.48,0.743238138,9.599512863,1.235235168,0.155308242,47.43211161,0.58,0.150963364,27.61785755,1297.19911,6.6,84.85862012,0.689425611,2.884607136,2.834269464,2.459892573,1.271336662,2,0.889422286,0.000673351,0.109904363
2,PET,0.03,0.03,0.263044463,0.48,0.672511398,6.802659472,1.243846094,0.150743598,9.876159747,0.58,0.165264898,28.63420094,1067.947355,6.6,68.87386195,0.645040057,2.812069646,2.945684267,2.895199612,1.241444558,2,0.971502247,0.00069366,0.027804093
1,PET,0.03,0.03,0.21,0.48,0.65,7.15,1.17,0.14,0.27,1.3,0.2,279,25.1,6.6,28.4,0.717348025,5.407525225,5.407525225,4.497227037,1,2,0.955419852,0.000375435,0.044204713
3,PET,0.03,0.03,9.797728689,0.988598932,0.937000121,15.05046601,1.17,0.206685799,0.353208512,1.46173075,0.13,297.7081097,6.367002539,6.6,38.93429528,0.692992578,4.052555933,5.428534235,4.413809035,1.189866533,2,0.810302642,0.000500753,0.189196604
4,PET,0.163905472,0.034278565,3.565191575,3.157252869,4.765369758,249.3676778,1.339530359,0.431138998,2.578749516,2.361965095,0.723094405,157.0857454,840.6130551,7.018613376,97.34134439,0.589328815,6.914407728,6.696749075,6.221369674,1.085405168,2.03232131,0.690040938,0.078218636,0.231740426
2,PET,0.03,0.03,0.273759022,0.48,0.669549014,8.697409338,1.280136655,0.141269699,16.76317085,0.58,0.166694318,43.75072601,1107.065061,6.6,80.03697148,0.667930632,2.872884213,2.881131518,3.032843119,1.220910598,2,0.994407209,0.000612786,0.004980005
2,PET,0.03,0.03,0.226267479,0.48,0.745118248,9.156104127,1.269448775,0.159248019,41.11824354,0.58,0.158950064,100.3245839,381.4812509,6.6,64.78449262,0.659855703,2.839850918,2.913182503,2.526356018,1.217280559,2,0.894913998,0.00055796,0.104528043
3,PET,0.03,0.03,6.18689764,1.630510512,1.031233837,14.2611878,1.17,0.194314214,0.307037256,4.916271048,0.13,302.3958092,4.906445063,6.6,28.47864876,0.637883339,5.292028039,4.710225089,4.567145007,1.190415495,2,0.813214095,0.000696769,0.186089137
4,PET,0.316367451,0.030012663,6.68415471,11.21156333,6.530920895,300.9177378,1.177995563,0.558220657,5.0527393,1.632899605,0.638527383,139.5482121,3494.779407,13.72783978,651.7618768,0.574755982,6.394268948,6.91291071,6.537061951,1.057026732,2.091707255,0.705640866,0.071093395,0.223265739
2,PET,0.03,0.03,0.306308326,0.48,0.74900955,8.522746514,1.273284093,0.150113234,20.74865018,0.58,0.165959627,92.08136866,954.2423286,6.6,61.00051242,0.63662412,2.916697934,2.833477128,2.562150099,1.238233463,2,0.937955649,0.000607855,0.061436496
2,PET,0.03,0.03,0.323135613,0.48,0.740695177,5.006043518,1.194503342,0.144045125,9.504029545,0.58,0.162775119,9.318634071,1533.899773,6.6,67.90263274,0.611273398,2.92025626,2.843905932,3.032555578,1.24999137,2,0.978418471,0.000591134,0.020990395
4,PET,0.204071918,0.039149299,7.738515457,5.776259226,11.75593968,160.926308,1.302646713,0.420754571,5.10017121,2.256051038,0.240095474,70.43241412,2495.828054,14.12996806,521.9849866,0.590062463,6.624556164,6.798832462,6.53984586,1.075646419,2.033548634,0.744086315,0.086328024,0.169585661
3,PET,0.03,0.03,7.498248851,1.656437769,0.752569974,7.295376563,1.17,0.182155468,0.317786193,1.903895163,0.13,284.5808937,3.640739044,6.6,34.34047508,0.658988947,4.818009866,5.175248095,4.588897033,1.165562599,2,0.943742689,0.00066265,0.055594661
3,PET,0.03,0.03,4.97415672,0.952485516,0.89003801,12.06229501,1.17,0.194405924,0.311662555,3.422053406,0.13,288.6846513,4.42910829,6.6,34.06806524,0.630906578,4.035359664,5.250511733,4.412912464,1.179508952,2,0.939895573,0.000607959,0.059496468
3,PET,0.03,0.03,6.59331073,2.356467309,0.925567665,14.37252164,1.17,0.184361257,0.328414604,5.39216348,0.13,299.733906,4.710025123,6.6,35.67433005,0.642019171,3.93239151,4.815824177,4.462149694,1.186833544,2,0.835868146,0.000633551,0.163498303
2,PET,0.03,0.03,0.20208406,0.48,0.740556461,7.003950383,1.27138328,0.143759897,42.15847231,0.58,0.168572122,73.53287852,1268.566941,6.6,54.60448292,0.67078666,2.858480774,2.92001175,2.723756749,1.224466747,2,0.940882766,0.000603682,0.058513552
1,PET,0.03,0.03,0.21,0.48,0.65,7.15,1.17,0.14,0.27,1.3,0.2,279,25.1,6.6,28.4,0.717348025,5.407525225,5.407525225,4.497227037,1,2,0.969384584,0.000443091,0.030172325
1,PET,0.03,0.03,0.21,0.48,0.65,7.15,1.17,0.14,0.27,1.3,0.2,279,25.1,6.6,28.4,0.717348025,5.407525225,5.407525225,4.497227037,1,2,0.967954233,0.000353064,0.031692704
1,PET,0.03,0.03,0.21,0.48,0.65,7.15,1.17,0.14,0.27,1.3,0.2,279,25.1,6.6,28.4,0.717348025,5.407525225,5.407525225,4.497227037,1,2,0.991501271,0.000382259,0.00811647
3,PET,0.03,0.03,5.219142642,1.370279816,0.944050295,7.821674642,1.17,0.204153525,0.307569019,3.242603114,0.13,274.4048999,4.86035814,6.6,38.94922101,0.635473224,5.322425527,5.172910258,4.512328259,1.185559834,2,0.91007913,0.000551495,0.089369375
1,PET,0.03,0.03,0.21,0.48,0.65,7.15,1.17,0.14,0.27,1.3,0.2,279,25.1,6.6,28.4,0.717348025,5.407525225,5.407525225,4.497227037,1,2,0.964983723,0.000121851,0.034894426
4,PET,0.180403255,0.038073316,0.664383968,2.585709082,16.3364912,24.47170333,1.345381696,0.277142412,6.071410025,1.653344759,0.859552243,90.0513555,1360.183646,17.57922124,238.5244274,0.580438691,6.686063747,6.095661026,6.23633108,1.077625366,2.05040549,0.683609523,0.009340591,0.307049886
1,PET,0.03,0.03,0.21,0.48,0.65,7.15,1.17,0.14,0.27,1.3,0.2,279,25.1,6.6,28.4,0.717348025,5.407525225,5.407525225,4.497227037,1,2,0.973650417,0.000352485,0.025997098
3,PET,0.03,0.03,3.790706181,2.23861577,0.945111251,13.86615901,1.17,0.198200109,0.317877404,0.708808697,0.13,292.8591881,5.767123006,6.6,38.03552445,0.709100247,5.329819236,4.334824608,4.699707023,1.176786188,2,0.94808292,0.00065141,0.051265669
3,PET,0.03,0.03,9.305067701,1.032861664,1.030870209,5.707613884,1.17,0.207478789,0.31918229,3.857128125,0.13,301.0211989,3.856665884,6.6,33.0794588,0.64719981,4.60566503,4.365353843,4.454270449,1.186878273,2,0.848883111,0.000507096,0.150609793
2,PET,0.03,0.03,0.195370922,0.48,0.687391878,7.949834033,1.295165456,0.14948441,4.401779201,0.58,0.152348704,99.2934707,213.9493088,6.6,67.1044009,0.605578388,3.004420044,2.811296535,2.792135483,1.271893652,2,0.950323716,0.000602896,0.049073387
2,PET,0.03,0.03,0.359881328,0.48,0.690650059,6.260696758,1.346651144,0.148989884,17.19567574,0.58,0.163729153,30.32959679,546.2608507,6.6,79.99378328,0.613175276,2.873128022,2.932266111,2.988182449,1.230866517,2,0.942022589,0.000525234,0.057452177
4,PET,0.132590533,0.030941958,3.507061671,10.23164242,10.85122531,238.0156014,1.394139478,0.31034298,4.625897288,2.793681523,0.860976612,109.9631093,2331.748136,9.785179556,540.0386671,0.566078383,6.401297525,6.667519028,6.111038203,1.022815408,2.049030105,0.283364322,0.073504774,0.643130904
3,PET,0.03,0.03,3.329336809,2.080720993,0.880052946,8.973874365,1.17,0.198984109,0.32355228,2.031091703,0.13,293.1480404,5.495181146,6.6,42.0865067,0.678544629,4.687078816,4.07331418,4.493715313,1.178690301,2,0.914921473,0.000618444,0.084460083
1,PET,0.03,0.03,0.21,0.48,0.65,7.15,1.17,0.14,0.27,1.3,0.2,279,25.1,6.6,28.4,0.717348025,5.407525225,5.407525225,4.497227037,1,2,0.950818322,0.00016589,0.049015788
2,PET,0.03,0.03,0.227450125,0.48,0.651363844,9.278336936,1.208972427,0.146009993,50.17089983,0.58,0.153371595,78.26597391,915.5350808,6.6,71.47017344,0.674113104,2.812959344,2.844246147,3.004416535,1.227622316,2,0.947786612,0.000658757,0.051554631
3,PET,0.03,0.03,4.964307186,2.374015156,0.896456541,12.43387842,1.17,0.195433021,0.304246254,2.15813882,0.13,295.1780973,4.720575787,6.6,42.19483434,0.679814749,5.074057819,4.830522326,4.553311514,1.165697686,2,0.906874653,0.00065182,0.092473527
1,PET,0.03,0.03,0.21,0.48,0.65,7.15,1.17,0.14,0.27,1.3,0.2,279,25.1,6.6,28.4,0.717348025,5.407525225,5.407525225,4.497227037,1,2,0.984331068,0.000388359,0.015280573
1,PET,0.03,0.03,0.21,0.48,0.65,7.15,1.17,0.14,0.27,1.3,0.2,279,25.1,6.6,28.4,0.717348025,5.407525225,5.407525225,4.497227037,1,2,0.955260349,0.000133118,0.044606533
4,PET,0.404477272,0.039248478,7.996843584,4.220833164,7.760852311,267.472348,1.634546835,0.495627606,3.657347754,1.042727486,0.822826147,87.99129297,4487.89783,19.17060475,301.4558504,0.591713406,6.399085306,6.648510474,6.084404934,1.063273368,2.058962859,0.23141127,0.054211854,0.714376876
1,PET,0.03,0.03,0.21,0.48,0.65,7.15,1.17,0.14,0.27,1.3,0.2,279,25.1,6.6,28.4,0.717348025,5.407525225,5.407525225,4.497227037,1,2,0.966416019,0.000181142,0.033402839
3,PET,0.03,0.03,3.985599798,2.160942961,0.873189934,10.88511479,1.17,0.201682296,0.319286735,2.985389015,0.13,294.7066649,4.794679819,6.6,40.18814027,0.699645271,4.135231869,3.970111958,4.493281685,1.187370662,2,0.924812697,0.000579322,0.074607981
4,PET,0.315876073,0.03812032,2.721201502,10.44509097,10.98272687,140.7235754,1.265003947,0.183004228,5.669642967,1.731599077,0.812838563,199.9904878,982.3617364,8.870994875,338.7710318,0.570157324,6.669634091,6.655138404,6.256952869,1.024715086,2.08085301,0.714010173,0.088571261,0.197418566
3,PET,0.03,0.03,10.35351315,1.296456337,0.843864283,12.84436981,1.17,0.180392954,0.344813392,2.09713288,0.13,287.0848154,4.144009001,6.6,34.727429,0.691571636,4.562534491,4.778209993,4.469327672,1.165053088,2,0.900089893,0.000667861,0.099242246
4,PET,0.116819427,0.037128478,4.99599013,4.574039931,15.12724405,196.5075156,1.327282695,0.383847711,5.945143362,1.136941897,0.631272712,137.2014236,5131.297943,7.961900565,289.4115143,0.568096315,6.102576745,6.114995428,6.367520178,1.016703398,2.056820426,0.038119492,0.068452214,0.893428294
2,PET,0.03,0.03,0.322110025,0.48,0.701928499,8.574229378,1.217862283,0.159321044,40.85823547,0.58,0.161744854,38.42733376,1602.783176,6.6,74.18433362,0.695961032,2.943768466,2.844571622,2.500965721,1.22928939,2,0.919830554,0.000608944,0.079560502
3,PET,0.03,0.03,5.616441848,1.195637072,0.989389444,13.86867157,1.17,0.194627787,0.32572246,1.394759756,0.13,287.5542007,5.694407867,6.6,43.9077815,0.640430238,3.989968592,5.459017719,4.708850473,1.187240375,2,0.910750587,0.000529614,0.088719799
3,PET,0.03,0.03,6.118914529,1.153694642,0.976699025,12.70642393,1.17,0.196798905,0.338524785,4.037284889,0.13,288.7245378,5.975052283,6.6,29.37155749,0.633909193,4.049632009,4.42414055,4.488111533,1.174475502,2,0.827124258,0.000565752,0.17230999
2,PET,0.03,0.03,0.274948546,0.48,0.725772031,7.098011186,1.185791862,0.154679247,11.27385201,0.58,0.151079984,49.95887482,1318.546642,6.6,88.2996033,0.61463362,2.927818155,2.857933409,3.103264396,1.267269419,2,0.867667502,0.000592177,0.131740321
2,PET,0.03,0.03,0.316614315,0.48,0.684092844,8.408090758,1.229100192,0.148798943,15.18181911,0.58,0.165087213,27.57306522,128.7443523,6.6,84.8631579,0.633163893,2.940375184,2.837572012,2.951992998,1.250901522,2,0.837879884,0.000633867,0.161486249
2,PET,0.03,0.03,0.262624893,0.48,0.739142664,9.236383285,1.333840606,0.146169475,17.77074016,0.58,0.166557678,68.79938902,535.6861003,6.6,81.92309973,0.602211067,2.954885585,2.958351173,2.785108679,1.265792655,2,0.91368408,0.000513992,0.085801928
2,PET,0.03,0.03,0.217187172,0.48,0.659910627,8.680969531,1.345990243,0.142329273,41.22863748,0.58,0.169832222,54.62147544,914.4483545,6.6,61.0498705,0.614241464,2.884455366,2.811766483,3.074483367,1.221473998,2,0.895023574,0.000690993,0.104285433
3,PET,0.03,0.03,9.355818248,1.290229463,1.044162822,11.98856144,1.17,0.203177639,0.322891906,0.681183459,0.13,283.5197729,5.347820096,6.6,41.64059715,0.679062727,4.733520003,5.03071047,4.581550577,1.187665069,2,0.883717203,0.000617405,0.115665392
1,PET,0.03,0.03,0.21,0.48,0.65,7.15,1.17,0.14,0.27,1.3,0.2,279,25.1,6.6,28.4,0.717348025,5.407525225,5.407525225,4.497227037,1,2,0.993726103,0.000396805,0.005877092
3,PET,0.03,0.03,7.77950364,1.534856938,0.852186335,8.552418715,1.17,0.20685088,0.313600425,3.690976191,0.13,294.1165213,6.194416556,6.6,33.91957551,0.681908628,4.697341833,4.04284424,4.443982971,1.194428213,2,0.812742433,0.000538998,0.186718569
2,PET,0.03,0.03,0.343879956,0.48,0.683550797,5.331448526,1.360389651,0.141148816,8.528394295,0.58,0.160040478,80.56849272,1211.996497,6.6,54.17866187,0.647234282,2.854168163,2.908114232,2.9736702,1.253698574,2,0.822835983,0.000586731,0.176577287
4,PET,0.380093479,0.031859115,0.763456872,7.33520357,22.72758649,400.8264381,1.178361952,0.183133304,4.695204044,3.222861676,0.980849922,167.8950429,372.5808608,20.28434347,530.8176081,0.592489235,6.272111352,6.37072346,6.314703485,1.036626691,2.023726085,0.432611734,0.089757839,0.477630426
2,PET,0.03,0.03,0.318963214,0.48,0.665616176,8.815599267,1.29381185,0.15066326,26.61300643,0.58,0.166098961,56.15623714,926.4743056,6.6,60.09652765,0.602421166,2.798240553,2.903426928,2.866322058,1.258393234,2,0.817485017,0.000614924,0.181900059
3,PET,0.03,0.03,6.200961797,1.265746216,0.999827565,16.2926592,1.17,0.190083126,0.343114381,4.5395528,0.13,272.9944262,6.171596723,6.6,31.8070415,0.674724247,4.527049107,5.461438995,4.669471198,1.191721742,2,0.829240031,0.000557459,0.17020251
4,PET,0.243518141,0.036130037,3.131568057,8.359014481,1.71463769,143.1002173,1.231477636,0.40977085,5.759906436,1.225737755,0.562436311,158.0025757,5568.369177,18.28175292,436.8744485,0.569921729,6.554914637,6.135264871,6.095922148,1.046385578,2.040852687,0.220034392,0.083051365,0.696914244
1,PET,0.03,0.03,0.21,0.48,0.65,7.15,1.17,0.14,0.27,1.3,0.2,279,25.1,6.6,28.4,0.717348025,5.407525225,5.407525225,4.497227037,1,2,0.990397618,0.000404755,0.009197627
2,PET,0.03,0.03,0.278244248,0.48,0.732742388,6.2904584,1.199571527,0.147068999,52.56201348,0.58,0.15570108,96.99230307,1508.48392,6.6,65.72088318,0.690849948,2.918470616,2.940387462,2.871320378,1.264273393,2,0.818677316,0.000570763,0.180751921
2,PET,0.03,0.03,0.338883318,0.48,0.698859994,5.700801339,1.274501434,0.15579177,50.62642124,0.58,0.158089004,101.3025008,1231.286518,6.6,73.30347803,0.689861893,2.996691477,2.94731687,2.510476266,1.237983821,2,0.902143172,0.00055546,0.097301367
4,PET,0.090834811,0.033938989,5.229252098,3.495060179,21.03969694,304.4179522,1.462563044,0.155378482,3.1054582,1.653623752,0.858528382,197.6052681,3810.378295,11.88392908,197.8803846,0.570916227,6.903253601,6.761810198,6.277736809,1.079704743,2.082137627,0.16303791,0.077693618,0.759268473
3,PET,0.03,0.03,10.51543711,1.696419949,0.809432493,15.65079089,1.17,0.185117527,0.316583021,4.698064087,0.13,282.361524,4.972662586,6.6,35.03847318,0.691587979,5.541014291,5.489497026,4.373029772,1.169395636,2,0.803678536,0.000576402,0.195745063
2,PET,0.03,0.03,0.371107229,0.48,0.68279422,9.052345078,1.182594133,0.153100973,30.99086223,0.58,0.16061825,24.54716248,1193.617927,6.6,74.17078508,0.674500305,2.813518305,2.797934407,2.631941944,1.274833754,2,0.883774826,0.000649577,0.115575596
4,PET,0.129861292,0.036586346,2.594373229,3.667217842,8.348849293,285.3698248,1.499025762,0.261061467,3.503087253,1.512189316,0.963407552,104.1280796,3065.566971,18.09802022,551.0931568,0.585456588,6.670168769,6.882208433,6.388110226,1.083621259,2.045617828,0.526201218,0.0660144,0.407784382
4,PET,0.460098066,0.034483031,3.809225318,10.90508322,31.52964596,192.4227605,1.555051258,0.267016069,5.317732395,1.105729505,0.880187553,200.4045831,6173.732164,7.860113039,737.1884968,0.566530965,6.436051268,6.52753279,6.486559718,1.062669938,2.019300208,0.720977373,0.099403669,0.179618958
4,PET,0.050600557,0.032967107,1.703712188,2.716003178,21.27138121,98.48544153,1.345224717,0.391247679,2.35137715,1.638212831,0.985188383,224.1663751,6429.676917,10.59166076,130.3349808,0.583218373,6.784880271,6.885449675,6.160067111,1.022537658,2.071903483,0.452087237,0.019796369,0.528116395
4,PET,0.104793705,0.039263098,7.498250687,10.35630468,29.315061,126.4477098,1.242891781,0.38817153,6.533398697,1.939931856,0.993875379,66.22250902,2256.228542,14.02985072,71.37626579,0.565249311,6.289159902,6.272535263,6.241967675,1.069316891,2.089899454,0.12981141,0.027790904,0.842397686
4,PET,0.21300513,0.035697142,3.472673909,3.604815892,24.19327552,162.6804578,1.667583555,0.259344406,6.400142531,2.768390856,0.408851544,210.518562,2243.822123,12.71105957,235.9475805,0.570108133,6.448756492,6.23774283,6.539111236,1.005496342,2.054161826,0.257289836,0.089249912,0.653460251
4,PET,0.444891938,0.039829603,4.895357023,4.044104193,4.523452742,172.6337421,1.475466396,0.167815097,2.333173977,2.568723826,0.322536683,52.93387663,4203.126332,18.09095741,431.7190142,0.563641007,6.414928575,6.843743342,6.302552307,1.007173951,2.07264608,0.04318913,0.062776572,0.894034298
4,PET,0.24877421,0.039097468,3.011612682,7.608819003,11.96594778,67.08777037,1.658150159,0.169937542,4.969898741,0.973503423,0.395484945,52.36077915,5096.026724,11.80413418,581.7882844,0.589375404,6.490688086,6.844495076,6.395957842,1.075914333,2.036141428,0.600199266,0.027680228,0.372120507
3,PET,0.03,0.03,3.634327464,1.969919748,0.881980084,17.12066573,1.17,0.203991845,0.314015357,4.102092252,0.13,272.5697785,4.197028803,6.6,39.52391804,0.692719153,4.598950104,4.274029445,4.37133512,1.168673428,2,0.910599872,0.000655686,0.088744442
3,PET,0.03,0.03,7.455259468,2.273035235,0.783298025,16.89316315,1.17,0.207349417,0.321878236,5.005520649,0.13,295.4574895,6.226390795,6.6,40.6623005,0.676953797,4.829736546,4.404996912,4.664994321,1.16898145,2,0.888552976,0.000631434,0.110815591
1,PET,0.03,0.03,0.21,0.48,0.65,7.15,1.17,0.14,0.27,1.3,0.2,279,25.1,6.6,28.4,0.717348025,5.407525225,5.407525225,4.497227037,1,2,0.993400699,0.000233947,0.006365355
2,PET,0.03,0.03,0.29156726,0.48,0.736389328,9.160749437,1.246375768,0.144808288,49.04302728,0.58,0.164131077,67.47101194,253.3629268,6.6,59.75296335,0.638941606,2.943471164,2.869832683,2.968836372,1.238170917,2,0.992686501,0.000694489,0.00661901
1,PET,0.03,0.03,0.21,0.48,0.65,7.15,1.17,0.14,0.27,1.3,0.2,279,25.1,6.6,28.4,0.717348025,5.407525225,5.407525225,4.497227037,1,2,0.995518271,0.000290545,0.004191184
2,PET,0.03,0.03,0.288417532,0.48,0.736861144,7.369169599,1.335441712,0.142988734,49.8940986,0.58,0.155690287,36.42644102,1033.297984,6.6,59.77748626,0.623500214,2.839762649,2.856238876,2.890711418,1.236913294,2,0.915235799,0.0005721,0.084192101
3,PET,0.03,0.03,7.533468569,1.062628931,0.925307941,8.259048113,1.17,0.197705477,0.345226434,5.819225961,0.13,296.6612575,6.369012494,6.6,36.05927492,0.672396881,5.225330944,4.577005626,4.704875089,1.192925133,2,0.83988944,0.000696304,0.159414256
4,PET,0.405336734,0.03300246,6.364926108,8.112289799,19.14621363,316.7717775,1.467828496,0.191129358,2.557383348,1.143217276,0.492889307,123.5520061,5081.856488,13.32126146,381.381222,0.585604428,6.592303346,6.418781414,6.350183355,1.028615207,2.089132561,0.038391569,0.077905077,0.883703354
3,PET,0.03,0.03,4.884966369,1.432843223,0.935720148,10.34622744,1.17,0.207211035,0.315021145,4.84753655,0.13,289.6241753,5.482004677,6.6,29.66482625,0.645792108,4.060256995,3.987624388,4.624176076,1.185505343,2,0.924231729,0.00055887,0.075209401
3,PET,0.03,0.03,10.69500556,2.363113956,1.020974673,9.828791439,1.17,0.196986957,0.329120198,3.951076526,0.13,301.9717186,4.198035309,6.6,39.28754859,0.694439784,5.454921905,5.510217742,4.45074879,1.170257493,2,0.914954811,0.000618225,0.084426963
2,PET,0.03,0.03,0.340317182,0.48,0.724168192,7.436564205,1.370773861,0.155428154,52.78077223,0.58,0.161238937,99.172959,991.3496697,6.6,65.69120425,0.646977957,2.947365674,2.873820125,2.929997386,1.267782561,2,0.95435266,0.00054546,0.04510188
4,PET,0.462435602,0.037727977,2.962321831,4.260302598,20.53768045,358.9666754,1.340255958,0.548442579,4.813180212,1.953366017,0.480961084,45.89350258,1777.157718,10.37286288,647.1974387,0.588535023,6.612392526,6.528412387,6.108870128,1.083947274,2.068968163,0.40756641,0.017804863,0.574628727
2,PET,0.03,0.03,0.33400795,0.48,0.670472301,8.410170666,1.239092834,0.144175712,10.95223514,0.58,0.156898457,43.97122161,1285.153826,6.6,87.20858701,0.672181071,2.972825476,2.904975457,2.768940618,1.203511136,2,0.812287719,0.000591059,0.187121223
2,PET,0.03,0.03,0.227887032,0.48,0.718605291,9.068845432,1.379619679,0.146244207,42.6315581,0.58,0.165883752,28.28135735,1495.348975,6.6,73.27978805,0.70149253,2.990949336,2.925009642,2.768706468,1.203069738,2,0.915755349,0.000631843,0.083612807
2,PET,0.03,0.03,0.339549534,0.48,0.709842952,9.518451373,1.35941115,0.141472679,48.39866261,0.58,0.153311187,96.40130781,162.0377302,6.6,78.29890354,0.637572005,3.004948261,2.965751361,2.682444887,1.208701335,2,0.805273838,0.000597065,0.194129097
2,PET,0.03,0.03,0.238020785,0.48,0.729146778,4.143303739,1.280579433,0.159552046,52.22324551,0.58,0.152599108,30.57415527,321.5091545,6.6,63.70842308,0.682533548,2.79421719,2.839434527,2.698839921,1.247827188,2,0.861118712,0.000689704,0.138191583
3,PET,0.03,0.03,3.379612809,2.112715687,0.87872768,12.04518748,1.17,0.194558894,0.332032082,4.131003314,0.13,283.9084178,5.146712432,6.6,33.7753539,0.629261543,5.023649103,4.011840248,4.380112654,1.182090522,2,0.853189554,0.000695973,0.146114473
3,PET,0.03,0.03,8.782513611,1.901940848,0.997358546,12.33831049,1.17,0.187283202,0.320889865,3.152469862,0.13,295.2645113,6.04139385,6.6,29.39266573,0.690080181,5.400173317,4.147425705,4.360763847,1.189779288,2,0.81069359,0.00069205,0.18861436
1,PET,0.03,0.03,0.21,0.48,0.65,7.15,1.17,0.14,0.27,1.3,0.2,279,25.1,6.6,28.4,0.717348025,5.407525225,5.407525225,4.497227037,1,2,0.965784982,0.000473516,0.033741501
3,PET,0.03,0.03,8.131616256,2.096697962,0.807948549,13.17530816,1.17,0.20419079,0.328212578,3.794491323,0.13,282.8688461,3.826071414,6.6,33.98404735,0.693145437,4.995308612,4.819793415,4.500076326,1.166706536,2,0.822558151,0.000561581,0.176880268
1,PET,0.03,0.03,0.21,0.48,0.65,7.15,1.17,0.14,0.27,1.3,0.2,279,25.1,6.6,28.4,0.717348025,5.407525225,5.407525225,4.497227037,1,2,0.958353059,0.00038562,0.041261321
1,PET,0.03,0.03,0.21,0.48,0.65,7.15,1.17,0.14,0.27,1.3,0.2,279,25.1,6.6,28.4,0.717348025,5.407525225,5.407525225,4.497227037,1,2,0.951532296,0.00029662,0.048171084
4,PET,0.273664525,0.032883547,6.661608571,2.019277863,5.603095114,140.1253418,1.522508135,0.407341702,1.171472944,2.776112219,0.643075383,106.9125107,4436.455788,18.19632446,320.1627665,0.578833788,6.41841338,6.295537953,6.190893292,1.09542072,2.016817935,0.458115638,0.012797189,0.529087173
2,PET,0.03,0.03,0.305434726,0.48,0.67791222,6.369479139,1.24060537,0.140964674,36.9763248,0.58,0.164151419,2.409071243,711.7351227,6.6,78.38866625,0.642963048,2.970381962,2.973884869,2.534354681,1.266827446,2,0.841359167,0.000654533,0.1579863
4,PET,0.276826374,0.031322632,2.441074652,7.931783524,12.27509309,245.1718795,1.27394072,0.299828137,4.738015448,3.060958128,0.535554309,146.7876679,5900.241774,8.249064809,726.0681577,0.572535015,6.369013764,6.7741369,6.526188456,1.071162298,2.017385914,0.503543952,0.025353885,0.471102164
1,PET,0.03,0.03,0.21,0.48,0.65,7.15,1.17,0.14,0.27,1.3,0.2,279,25.1,6.6,28.4,0.717348025,5.407525225,5.407525225,4.497227037,1,2,0.954155914,0.000391738,0.045452348
4,PET,0.233569561,0.035157657,3.65483281,7.168479869,33.1522544,229.528065,1.601702346,0.472883203,0.883413993,2.999625421,0.729254836,54.00900415,464.3558819,9.360042117,546.0518285,0.578536562,6.799164797,6.549977672,6.371389617,1.069748533,2.047101864,0.673314212,0.013168374,0.313517413
2,PET,0.03,0.03,0.341683187,0.48,0.738505926,7.828193376,1.318263008,0.157235462,6.592164415,0.58,0.153817463,16.9459567,817.2654237,6.6,65.43464191,0.677053094,2.935099098,2.854800303,2.881548471,1.267014905,2,0.887659589,0.000629463,0.111710948
1,PET,0.03,0.03,0.21,0.48,0.65,7.15,1.17,0.14,0.27,1.3,0.2,279,25.1,6.6,28.4,0.717348025,5.407525225,5.407525225,4.497227037,1,2,0.981392554,0.000385332,0.018222114
3,PET,0.03,0.03,9.310259052,1.755680369,0.769858468,8.969727046,1.17,0.201565455,0.324449458,4.603798109,0.13,290.2220169,5.449166851,6.6,40.32740696,0.669483273,5.202804305,4.563796954,4.568088581,1.168176565,2,0.922825254,0.000694819,0.076479927
4,PET,0.42457604,0.03136423,4.952888968,10.95279108,5.21947696,225.6738637,1.331657239,0.279724686,6.040573128,1.708807789,0.312258214,116.8762356,1436.080854,16.03045061,106.943521,0.565098789,6.7968222,6.407081423,6.054405006,1.006077602,2.075587331,0.195990685,0.086766783,0.717242532
3,PET,0.03,0.03,4.428873121,0.910693625,0.891823991,10.24767781,1.17,0.195794803,0.338028461,2.282335038,0.13,299.0139407,3.602031108,6.6,29.42813124,0.633260386,4.685663061,3.93587384,4.414155451,1.170736342,2,0.844748579,0.000529482,0.154721939
1,PET,0.03,0.03,0.21,0.48,0.65,7.15,1.17,0.14,0.27,1.3,0.2,279,25.1,6.6,28.4,0.717348025,5.407525225,5.407525225,4.497227037,1,2,0.950513473,0.000171075,0.049315451
4,PET,0.19212264,0.03302065,2.332862035,11.33129644,28.16084258,204.4329581,1.406651567,0.259206726,6.148952332,0.907837349,0.690682557,46.04888741,2335.448569,14.00886372,475.5688809,0.582267955,6.336704706,6.430062289,6.444849338,1.097484093,2.081592113,0.669265813,0.082273197,0.24846099
4,PET,0.249782737,0.030215037,4.053619648,3.824249591,30.98305562,393.4192228,1.574623481,0.381004243,4.294518023,1.557698301,0.302612994,30.14576264,956.863196,12.13889189,598.7601351,0.577928811,6.715773874,6.777800361,6.176308787,1.038498866,2.042096769,0.284799427,0.019401193,0.69579938
2,PET,0.03,0.03,0.274803448,0.48,0.694960591,9.342287075,1.348783935,0.151126304,16.38053292,0.58,0.155535146,97.71366593,426.6409971,6.6,54.57381566,0.683679588,2.878180761,2.818891701,2.843047179,1.270816182,2,0.829779673,0.000654096,0.169566231
1,PET,0.03,0.03,0.21,0.48,0.65,7.15,1.17,0.14,0.27,1.3,0.2,279,25.1,6.6,28.4,0.717348025,5.407525225,5.407525225,4.497227037,1,2,0.968582426,0.000102536,0.031315038
4,PET,0.259532253,0.030369292,4.093733438,1.499666746,24.0522104,330.6078132,1.503021597,0.497915539,6.521813881,1.618135437,0.602788675,148.9956324,6659.086849,18.877798,366.8968024,0.588598826,6.143242868,6.170672776,6.148758146,1.056505663,2.039690153,0.350956658,0.077562874,0.571480468
1,PET,0.03,0.03,0.21,0.48,0.65,7.15,1.17,0.14,0.27,1.3,0.2,279,25.1,6.6,28.4,0.717348025,5.407525225,5.407525225,4.497227037,1,2,0.98072024,0.000216626,0.019063134
3,PET,0.03,0.03,3.415322669,1.108828943,0.943486032,12.48351522,1.17,0.188498752,0.346943147,0.915840333,0.13,288.233168,5.495929883,6.6,34.92054344,0.691448783,3.997031001,5.225976054,4.612027736,1.1850841,2,0.931239039,0.000642517,0.068118444
1,PET,0.03,0.03,0.21,0.48,0.65,7.15,1.17,0.14,0.27,1.3,0.2,279,25.1,6.6,28.4,0.717348025,5.407525225,5.407525225,4.497227037,1,2,0.966962867,0.000470494,0.032566639
4,PET,0.127234591,0.033001666,3.015985546,1.226836803,15.35820126,239.2599664,1.253521452,0.540305897,4.379200191,3.021513576,0.335387405,127.189213,4200.061403,17.45583751,293.9095698,0.579600204,6.841149378,6.125757198,6.373499322,1.067981744,2.079599677,0.301827691,0.083748891,0.614423419
4,PET,0.438723586,0.034662861,6.85163284,1.255021507,22.27532201,331.8995453,1.519614772,0.358360485,2.53187512,2.535267287,0.855081627,62.98918771,1658.128365,20.47341218,735.8663825,0.585068349,6.31476679,6.549325671,6.555774496,1.064508474,2.023589937,0.546186761,0.020215926,0.433597313
2,PET,0.03,0.03,0.288693267,0.48,0.717793334,9.418216619,1.20590517,0.154379347,16.86882286,0.58,0.154798684,69.82905557,622.963056,6.6,69.65360488,0.704304121,2.929336899,2.906945919,3.011619335,1.232355406,2,0.913318862,0.000633218,0.08604792
2,PET,0.03,0.03,0.278045688,0.48,0.743231724,5.082709701,1.32686722,0.149541239,6.239768,0.58,0.151556448,25.53180538,938.7857073,6.6,66.61981882,0.672801826,2.798269186,2.949142789,2.707358934,1.271461827,2,0.806724577,0.000691525,0.192583898
4,PET,0.430901558,0.037093874,2.143762996,3.821234661,32.1454784,269.0741203,1.642947665,0.477797447,1.673374002,1.641381738,0.320082579,219.6032318,5558.197516,13.54542414,179.1441636,0.57400125,6.468643425,6.784846429,6.5161884,1.095770847,2.071975135,0.036408017,0.099535306,0.864056677
3,PET,0.03,0.03,8.195718842,0.935128569,0.886630431,6.686640523,1.17,0.193248829,0.340577268,5.360566202,0.13,295.8563127,3.693896526,6.6,42.0192492,0.630026606,5.491224083,4.541538963,4.560990531,1.189584796,2,0.835918912,0.000598004,0.163483083
2,PET,0.03,0.03,0.369348673,0.48,0.693147631,7.5548337,1.327706641,0.148961863,44.30272203,0.58,0.169224407,7.985783746,1155.336251,6.6,66.07727457,0.709061521,3.004965105,2.91224292,3.020042662,1.216601258,2,0.888047097,0.000555169,0.111397734
2,PET,0.03,0.03,0.259653934,0.48,0.674154888,7.621863863,1.198023729,0.150229333,55.92934768,0.58,0.151373315,37.3291175,611.0380676,6.6,70.43110264,0.714722101,2.995129745,2.871759489,2.743215668,1.268643246,2,0.810504742,0.000578531,0.188916728
2,PET,0.03,0.03,0.268861236,0.48,0.706978419,4.317053882,1.179548969,0.144121481,44.15684578,0.58,0.162254137,18.61313509,1161.386524,6.6,72.56997626,0.706097984,2.999936956,2.995466217,2.506654699,1.242022412,2,0.872687655,0.000580704,0.126731641
1,PET,0.03,0.03,0.21,0.48,0.65,7.15,1.17,0.14,0.27,1.3,0.2,279,25.1,6.6,28.4,0.717348025,5.407525225,5.407525225,4.497227037,1,2,0.99440838,0.000322136,0.005269484
4,PET,0.34732494,0.03686147,4.63864632,5.942413363,34.04450576,369.112377,1.25214919,0.146425653,2.725508125,2.127455729,0.446428684,91.11127581,2820.627292,17.33285558,616.0263906,0.57717166,6.505927916,6.401691872,6.289923724,1.003773932,2.08292734,0.59891804,0.064235585,0.336846375
4,PET,0.328029961,0.032882347,4.500629365,6.715247388,26.49984501,424.7950084,1.515935158,0.441705769,4.280027456,2.186591204,0.825228995,146.7043281,4640.673186,8.582740973,735.9062403,0.566199496,6.131227746,6.831647945,6.327961176,1.066535822,2.087203024,0.209077983,0.067955133,0.722966884
3,PET,0.03,0.03,6.111413869,1.560422202,1.017012702,9.577793403,1.17,0.193026364,0.325499179,2.310007188,0.13,277.6905764,6.350293297,6.6,33.45263057,0.632967209,4.782213002,4.432584937,4.529021004,1.190794982,2,0.841653536,0.000586168,0.157760297
2,PET,0.03,0.03,0.250130636,0.48,0.708332381,6.553100091,1.236451446,0.144037152,17.22841243,0.58,0.15855011,7.66124981,909.2470923,6.6,82.02490165,0.610962096,2.971038354,2.928161357,2.978622749,1.275798951,2,0.934714338,0.000552252,0.06473341
2,PET,0.03,0.03,0.246002051,0.48,0.698638483,6.122280042,1.231096023,0.159583556,54.9101331,0.58,0.156469261,51.23685704,1484.457791,6.6,61.03000485,0.693964502,2.852764373,2.867236655,2.995045352,1.261755419,2,0.967724037,0.000558416,0.031717547
4,PET,0.27427031,0.035922788,5.660601087,9.366466004,12.95925796,99.40465123,1.677943034,0.321591851,2.644108901,1.463510187,0.863570383,189.0988288,5155.918256,14.5600672,237.1082941,0.579134967,6.410039614,6.906942538,6.092146454,1.056839797,2.095967352,0.685290699,0.018593615,0.296115687
2,PET,0.03,0.03,0.279237717,0.48,0.697334603,4.68138532,1.285665235,0.157093033,38.80373905,0.58,0.166835936,24.30114996,415.557179,6.6,58.29699408,0.640674681,2.988945562,2.79624418,2.688220845,1.235362122,2,0.953567797,0.000534133,0.04589807
1,PET,0.03,0.03,0.21,0.48,0.65,7.15,1.17,0.14,0.27,1.3,0.2,279,25.1,6.6,28.4,0.717348025,5.407525225,5.407525225,4.497227037,1,2,0.986527556,0.000110108,0.013362336
2,PET,0.03,0.03,0.280219576,0.48,0.736601967,7.96482378,1.326082679,0.145930053,37.01098736,0.58,0.159412947,38.5983928,302.4315456,6.6,87.93794925,0.609017906,2.860413415,2.937492104,2.908706244,1.247802273,2,0.922098416,0.000554501,0.077347083
2,PET,0.03,0.03,0.302584785,0.48,0.661406637,8.346972723,1.180093971,0.151389274,25.23430008,0.58,0.151738036,33.30815604,1274.878784,6.6,53.96715208,0.698317851,2.9633833,2.97840049,2.879387244,1.266708705,2,0.939692689,0.000631101,0.05967621
4,PET,0.199210209,0.033619946,6.725584659,6.983126537,1.969419564,168.4610117,1.403691362,0.308795462,3.576720171,0.889777948,0.605671997,32.98150515,3523.677827,10.47439474,408.3586981,0.56739959,6.248480694,6.639575158,6.109982203,1.039187129,2.094578712,0.555886179,0.05378528,0.390328541
2,PET,0.03,0.03,0.216355711,0.48,0.733845165,4.882811942,1.37886082,0.153947749,43.6710874,0.58,0.166099319,89.24217986,409.9247219,6.6,76.66116669,0.628595713,2.988379258,2.978639821,2.457030876,1.246364981,2,0.95826386,0.000542129,0.04119401
3,PET,0.03,0.03,9.222548881,1.10792649,0.876962939,15.52449796,1.17,0.192983867,0.332576436,4.691528694,0.13,282.0666173,4.937032473,6.6,36.84561955,0.706114826,4.432102922,4.278176526,4.709613633,1.188429012,2,0.910006091,0.000560857,0.089433052
1,PET,0.03,0.03,0.21,0.48,0.65,7.15,1.17,0.14,0.27,1.3,0.2,279,25.1,6.6,28.4,0.717348025,5.407525225,5.407525225,4.497227037,1,2,0.981038533,0.000233642,0.018727826
2,PET,0.03,0.03,0.205318649,0.48,0.663159084,9.347805286,1.368965754,0.157803593,41.11517342,0.58,0.166701245,64.66153959,821.3004308,6.6,78.55889599,0.688470571,2.833901472,2.855141676,3.015783476,1.270587936,2,0.846073653,0.000529582,0.153396766
1,PET,0.03,0.03,0.21,0.48,0.65,7.15,1.17,0.14,0.27,1.3,0.2,279,25.1,6.6,28.4,0.717348025,5.407525225,5.407525225,4.497227037,1,2,0.953585907,0.000461423,0.04595267
3,PET,0.03,0.03,9.054930649,0.78485566,0.809033758,8.817778282,1.17,0.196896848,0.355707511,3.247334552,0.13,300.5928992,6.074937829,6.6,34.18018247,0.676890149,4.221086272,5.253331922,4.69240138,1.16953924,2,0.846591701,0.000614694,0.152793605
3,PET,0.03,0.03,10.68989061,0.971175235,0.832722485,6.103232884,1.17,0.186100736,0.346796203,2.251133952,0.13,294.270869,3.651871626,6.6,35.1744772,0.702143423,4.144315058,5.046647484,4.658671875,1.183021353,2,0.814810798,0.000615097,0.184574105
4,PET,0.328660193,0.039337606,4.772997664,7.10207062,15.23584333,395.3489335,1.188292614,0.415899068,2.319847602,1.320059055,0.25446879,200.2772948,4688.741704,15.08174433,377.5849565,0.570832703,6.542387052,6.780664639,6.473959523,1.031090975,2.037722362,0.208553493,0.084306255,0.707140251
3,PET,0.03,0.03,8.616997284,1.235641881,0.939022204,14.53016176,1.17,0.20185144,0.3371309,3.59982822,0.13,278.1071688,3.823907618,6.6,44.50846594,0.697566147,4.931737386,4.037014392,4.643827029,1.175945653,2,0.838671828,0.000593437,0.160734735
3,PET,0.03,0.03,4.758860029,1.624032769,0.858378621,7.444609115,1.17,0.197611812,0.337909142,5.259485993,0.13,303.9039053,3.828468622,6.6,33.47708804,0.63498833,5.003182418,5.191980601,4.515950547,1.18788513,2,0.800497148,0.00066511,0.198837742
3,PET,0.03,0.03,8.399940686,2.186178913,0.781520043,8.516552018,1.17,0.193844915,0.306918984,3.697248523,0.13,290.1085305,4.89305583,6.6,36.18239563,0.65092406,5.113228285,4.817887704,4.392945078,1.18144497,2,0.826980683,0.000617897,0.17240142
1,PET,0.03,0.03,0.21,0.48,0.65,7.15,1.17,0.14,0.27,1.3,0.2,279,25.1,6.6,28.4,0.717348025,5.407525225,5.407525225,4.497227037,1,2,0.984180271,0.000134114,0.015685615
1,PET,0.03,0.03,0.21,0.48,0.65,7.15,1.17,0.14,0.27,1.3,0.2,279,25.1,6.6,28.4,0.717348025,5.407525225,5.407525225,4.497227037,1,2,0.977904622,0.000445152,0.021650226
4,PET,0.245898738,0.031092539,3.350895292,9.190149617,25.52674945,135.8617221,1.584107396,0.160022802,2.627372693,2.530039423,0.947374883,38.05875114,2440.928953,10.90003108,619.6201271,0.584379801,6.235914409,6.352086799,6.50082167,1.031777326,2.055379439,0.37856454,0.066016331,0.555419129
3,PET,0.03,0.03,7.538615935,2.135699253,0.929761592,6.890940654,1.17,0.20434396,0.350259075,1.467894434,0.13,299.1358759,6.07664066,6.6,35.14223177,0.699039203,5.127144652,5.223359713,4.664217996,1.170262346,2,0.932533007,0.000511648,0.066955344
2,PET,0.03,0.03,0.228824019,0.48,0.661857127,8.452924976,1.345639766,0.156138451,48.13359075,0.58,0.156230418,84.83346525,1032.487021,6.6,57.66815107,0.69839473,2.878300874,2.839870129,2.576428867,1.226844047,2,0.882679863,0.000698826,0.116621311
3,PET,0.03,0.03,4.867405379,1.253838943,0.959323765,8.596032959,1.17,0.185838816,0.300038799,3.280493634,0.13,288.3825193,5.055442889,6.6,43.57781539,0.710349308,4.416057581,4.730906347,4.65925585,1.186257911,2,0.877040689,0.000586863,0.122372448
1,PET,0.03,0.03,0.21,0.48,0.65,7.15,1.17,0.14,0.27,1.3,0.2,279,25.1,6.6,28.4,0.717348025,5.407525225,5.407525225,4.497227037,1,2,0.958144848,0.000414075,0.041441077
4,PET,0.381868351,0.036326095,0.807333343,11.2430661,2.249059971,110.3527165,1.599870125,0.323258253,5.814241199,3.202142696,0.836999066,190.6865058,5400.654344,19.81175951,328.8096362,0.581814717,6.109328592,6.819044863,6.149018667,1.025791056,2.089621396,0.143359667,0.02034203,0.836298303
3,PET,0.03,0.03,3.768102627,2.023358237,0.953175067,10.58800515,1.17,0.185139557,0.322450468,5.390599047,0.13,285.5340126,3.542997554,6.6,34.63937722,0.642379004,4.521130225,4.430507434,4.467775686,1.185266565,2,0.825311069,0.000518738,0.174170193
2,PET,0.03,0.03,0.211811966,0.48,0.691491432,9.312065382,1.322955505,0.147033019,43.67468606,0.58,0.153276007,69.77739931,856.7505043,6.6,53.75985362,0.641669642,2.978056056,2.953858365,2.745287981,1.268614841,2,0.966360054,0.00068687,0.032953075
1,PET,0.03,0.03,0.21,0.48,0.65,7.15,1.17,0.14,0.27,1.3,0.2,279,25.1,6.6,28.4,0.717348025,5.407525225,5.407525225,4.497227037,1,2,0.987510075,0.000288572,0.012201353
1,PET,0.03,0.03,0.21,0.48,0.65,7.15,1.17,0.14,0.27,1.3,0.2,279,25.1,6.6,28.4,0.717348025,5.407525225,5.407525225,4.497227037,1,2,0.964270713,0.000165898,0.035563388
1,PET,0.03,0.03,0.21,0.48,0.65,7.15,1.17,0.14,0.27,1.3,0.2,279,25.1,6.6,28.4,0.717348025,5.407525225,5.407525225,4.497227037,1,2,0.960954057,0.00019701,0.038848932
2,PET,0.03,0.03,0.236231941,0.48,0.695702315,4.638501936,1.265080622,0.157407821,37.76524276,0.58,0.159510905,62.90072534,92.08691801,6.6,74.06131779,0.679758536,2.977718283,2.965041993,3.107781186,1.262629221,2,0.886218943,0.00068254,0.113098517
1,PET,0.03,0.03,0.21,0.48,0.65,7.15,1.17,0.14,0.27,1.3,0.2,279,25.1,6.6,28.4,0.717348025,5.407525225,5.407525225,4.497227037,1,2,0.959223443,0.000437518,0.040339039
2,PET,0.03,0.03,0.359406534,0.48,0.693246802,8.248363205,1.337369705,0.14103718,15.94145697,0.58,0.156445039,48.50754383,1461.612776,6.6,60.13860853,0.640737254,2.979498628,2.901937634,3.084286386,1.246836044,2,0.890059737,0.0006644,0.109275863
1,PET,0.03,0.03,0.21,0.48,0.65,7.15,1.17,0.14,0.27,1.3,0.2,279,25.1,6.6,28.4,0.717348025,5.407525225,5.407525225,4.497227037,1,2,0.975699258,0.000264187,0.024036555
3,PET,0.03,0.03,5.22411483,2.186852733,1.027039899,15.90724933,1.17,0.188400762,0.356273882,5.595786091,0.13,283.8687263,6.250263235,6.6,41.89094492,0.634315063,4.691008663,3.953821875,4.577204567,1.172557801,2,0.840690264,0.000559064,0.158750672
4,PET,0.144989131,0.0366369,5.166408551,2.632539823,10.67090625,372.3782242,1.520837808,0.47303465,2.821061544,3.01503435,0.77801644,90.25568079,2708.547471,14.97084021,397.8286342,0.591231743,6.188589597,6.112228441,6.471354889,1.086134987,2.068724273,0.438627456,0.021329498,0.540043046
1,PET,0.03,0.03,0.21,0.48,0.65,7.15,1.17,0.14,0.27,1.3,0.2,279,25.1,6.6,28.4,0.717348025,5.407525225,5.407525225,4.497227037,1,2,0.975743341,0.000455327,0.023801332
3,PET,0.03,0.03,9.594015819,0.962382307,0.910006142,10.9113309,1.17,0.182314611,0.313057765,0.830573889,0.13,284.1312197,4.5350673,6.6,35.36883646,0.68284426,4.353132146,4.9021102,4.377893064,1.184221968,2,0.89586718,0.000631844,0.103500976
2,PET,0.03,0.03,0.266826026,0.48,0.664736492,5.112347348,1.276937749,0.14563658,9.336211383,0.58,0.167528389,74.60367046,996.5686829,6.6,71.36381851,0.665426219,2.797937615,2.976057,2.611729955,1.225488968,2,0.982485045,0.000522751,0.016992205
2,PET,0.03,0.03,0.359873234,0.48,0.693743356,8.914294935,1.247498559,0.146810505,12.43336252,0.58,0.161619699,91.5343445,620.7740721,6.6,75.14585755,0.602818036,2.870063804,2.940644497,2.985187884,1.240426132,2,0.859793578,0.0005072,0.139699222
1,PET,0.03,0.03,0.21,0.48,0.65,7.15,1.17,0.14,0.27,1.3,0.2,279,25.1,6.6,28.4,0.717348025,5.407525225,5.407525225,4.497227037,1,2,0.983210111,0.000117617,0.016672272
3,PET,0.03,0.03,9.360598695,0.71810055,0.781000833,9.38074834,1.17,0.186743834,0.330196309,4.736436316,0.13,296.2187408,5.170592717,6.6,41.94902797,0.705972899,4.481808663,4.507583609,4.369540543,1.188635775,2,0.929918356,0.000512124,0.06956952
4,PET,0.469762305,0.033321791,1.886207993,3.776175612,1.80578864,172.7988094,1.723751032,0.412265235,2.362689147,1.213463001,0.463578164,138.3513036,5128.978566,19.75364615,244.802909,0.565146098,6.899289221,6.261854765,6.271930803,1.064901412,2.094537673,0.649318667,0.026193945,0.324487388
3,PET,0.03,0.03,8.708676276,1.631166727,0.776804337,16.61112553,1.17,0.191531913,0.353872435,5.048403973,0.13,293.1372915,5.444823113,6.6,43.85849164,0.659528398,5.380841275,5.228223116,4.381376174,1.168784855,2,0.833346739,0.000532846,0.166120414
3,PET,0.03,0.03,6.703344432,0.818038383,1.005983981,14.01203395,1.17,0.192662492,0.326935174,4.679667499,0.13,290.2020511,5.809332252,6.6,41.62066617,0.700913377,4.024156158,4.943924607,4.64999407,1.189548465,2,0.900459111,0.000630518,0.098910371
1,PET,0.03,0.03,0.21,0.48,0.65,7.15,1.17,0.14,0.27,1.3,0.2,279,25.1,6.6,28.4,0.717348025,5.407525225,5.407525225,4.497227037,1,2,0.950424408,0.000296868,0.049278724
1,PET,0.03,0.03,0.21,0.48,0.65,7.15,1.17,0.14,0.27,1.3,0.2,279,25.1,6.6,28.4,0.717348025,5.407525225,5.407525225,4.497227037,1,2,0.951529585,0.000453511,0.048016904
4,PET,0.460912413,0.031815827,1.000000239,1.661395008,35.11720003,170.9737733,1.331963423,0.519708892,0.61479791,0.693364525,0.873524452,159.6787182,5029.573294,20.38101439,128.7219957,0.579079461,6.372321969,6.564104336,6.438327985,1.081802978,2.085534406,0.011548734,0.079733855,0.90871741
4,PET,0.443790395,0.035068199,8.006073314,1.974130836,36.72229381,116.1056545,1.587464051,0.20277456,4.310220211,1.318339599,0.776290882,78.5644196,4639.872808,12.37016838,408.3380418,0.563547377,6.125362789,6.271652433,6.378425741,1.010745523,2.089590254,0.628628725,0.083967825,0.28740345
3,PET,0.03,0.03,6.73119637,2.022343177,0.785923531,16.49534733,1.17,0.185224618,0.309648366,3.393195048,0.13,289.9074754,3.423512336,6.6,31.99433028,0.709051369,4.33009969,4.996021564,4.46208491,1.173858743,2,0.862064368,0.000695087,0.137240544
3,PET,0.03,0.03,5.231681921,1.64944745,1.044012601,9.191354551,1.17,0.182642639,0.341196584,4.864199727,0.13,282.9064422,5.159125157,6.6,30.37918421,0.665351147,4.122855154,4.551552997,4.502084452,1.166854516,2,0.846795348,0.000671381,0.152533271
4,PET,0.446290846,0.030242694,6.611366269,2.925975776,22.57381569,406.9945809,1.511983686,0.535863865,4.724410306,0.817863266,0.287406949,47.18456878,4328.065773,17.06355106,578.4867039,0.579514174,6.318347661,6.1759315,6.242537745,1.066966098,2.052606639,0.54708711,0.0472787,0.40563419
3,PET,0.03,0.03,3.453195291,1.816749588,0.960270246,12.12473255,1.17,0.20009727,0.354277479,5.143983531,0.13,296.6190384,3.418400085,6.6,33.87406467,0.673080693,5.08060971,5.129123044,4.59174646,1.191389584,2,0.84277515,0.000609014,0.156615837
1,PET,0.03,0.03,0.21,0.48,0.65,7.15,1.17,0.14,0.27,1.3,0.2,279,25.1,6.6,28.4,0.717348025,5.407525225,5.407525225,4.497227037,1,2,0.964112321,0.000313971,0.035573708
3,PET,0.03,0.03,4.055068314,2.003953131,0.901351742,11.07356606,1.17,0.193268738,0.341868395,4.324924489,0.13,279.3376604,5.261881149,6.6,40.68548907,0.659645325,4.513966523,5.224127101,4.597730371,1.165065603,2,0.818966413,0.000682719,0.180350868
2,PET,0.03,0.03,0.247434078,0.48,0.708477691,6.830390471,1.297405713,0.148030646,56.20544383,0.58,0.159558371,10.95053395,1293.074826,6.6,80.6441398,0.605204643,2.979448668,2.870802484,2.608387693,1.232680154,2,0.973749834,0.000568548,0.025681618
2,PET,0.03,0.03,0.361994188,0.48,0.686574732,8.003397787,1.22416727,0.153102819,26.61670304,0.58,0.159859881,63.3305501,399.0896839,6.6,77.99359482,0.616465039,2.956864102,2.812867824,2.910641175,1.223051311,2,0.891646949,0.000580721,0.10777233
2,PET,0.03,0.03,0.269924228,0.48,0.652042273,6.120157134,1.21414547,0.155150196,46.47156019,0.58,0.150511789,96.39670271,1153.546231,6.6,82.92604971,0.677860608,2.969097223,2.920532633,3.040752501,1.235543492,2,0.907792534,0.000547935,0.091659531
4,PET,0.206511929,0.033506196,2.393867883,7.006125789,20.41365157,336.3104669,1.440540145,0.234394203,1.673443294,0.60957256,0.601797229,191.8872712,4413.145388,10.80360959,176.7580528,0.571148706,6.901687618,6.508399084,6.068908408,1.04290448,2.013756665,0.668920035,0.001170379,0.329909586
4,PET,0.382732891,0.038660365,7.408321292,6.195577274,4.374244992,126.4129877,1.551030905,0.393355278,1.039243294,0.89073829,0.699538476,30.75335382,4885.785056,11.02692418,644.2080652,0.566800556,6.317590484,6.213601351,6.206724278,1.030717806,2.086189574,0.772660851,0.001071396,0.226267753
2,PET,0.03,0.03,0.361563248,0.48,0.676898884,9.490356804,1.182201352,0.158247949,5.228012531,0.58,0.153720032,76.53788221,308.8965818,6.6,75.97867775,0.701298982,2.845105162,2.895850775,2.956578947,1.222955015,2,0.874163662,0.000539837,0.125296501
2,PET,0.03,0.03,0.30846486,0.48,0.692734063,9.322383851,1.218843077,0.150632572,10.91032403,0.58,0.164483235,66.91814262,1265.526461,6.6,59.1271135,0.69690084,2.960224959,2.856005447,2.4392086,1.257962057,2,0.83093995,0.000537785,0.168522265
3,PET,0.03,0.03,6.229115722,1.378163629,0.82388432,7.312834411,1.17,0.18789058,0.355986563,0.905983022,0.13,297.1817354,5.639648263,6.6,44.93638573,0.686393741,5.267290422,5.061841191,4.378319212,1.177432853,2,0.829935261,0.000560488,0.169504251
3,PET,0.03,0.03,9.611824733,1.833933183,0.786592223,16.5949833,1.17,0.206822702,0.303594427,4.21048687,0.13,289.9895501,5.601066407,6.6,33.42919123,0.703516154,4.314193546,5.394236892,4.412997524,1.17594913,2,0.803305977,0.000692924,0.196001098
4,PET,0.115481603,0.037392528,7.855149752,7.408331003,20.66563028,386.6662707,1.454103145,0.482417275,2.701841778,2.61341449,0.569510216,73.30360033,1475.713839,12.93903398,681.9152395,0.585364005,6.587761857,6.402104937,6.573832843,1.019703261,2.020557583,0.355643978,0.024803836,0.619552185
3,PET,0.03,0.03,5.017851235,0.931535826,0.785249811,11.28463934,1.17,0.202586894,0.359117674,3.170404991,0.13,276.5769142,6.140085291,6.6,31.94720211,0.705331502,5.070912683,4.188154231,4.482831184,1.186029033,2,0.815576063,0.000576278,0.183847659
3,PET,0.03,0.03,10.30316268,1.850422864,0.857375773,7.614182135,1.17,0.20281865,0.340039693,1.22917938,0.13,279.3276563,4.596309304,6.6,33.27875771,0.71216016,4.216328313,4.824879353,4.613546353,1.181126422,2,0.876045613,0.000525536,0.123428851
4,PET,0.106523655,0.030929712,6.017534168,2.91474623,33.29065378,45.05416167,1.639247613,0.416992698,2.342870646,0.786664767,0.482409702,133.2913402,2545.208636,11.24717696,163.5583277,0.575343093,6.768115491,6.112516534,6.263608321,1.056866979,2.050212338,0.130505924,0.032894085,0.836599991
1,PET,0.03,0.03,0.21,0.48,0.65,7.15,1.17,0.14,0.27,1.3,0.2,279,25.1,6.6,28.4,0.717348025,5.407525225,5.407525225,4.497227037,1,2,0.954485557,0.00026207,0.045252373
3,PET,0.03,0.03,8.020609732,1.48084464,0.788474508,13.69855623,1.17,0.206905824,0.357613802,3.533314422,0.13,278.0077971,4.050743956,6.6,28.55872526,0.640173743,4.043356175,4.585026558,4.537533139,1.165033602,2,0.85946716,0.000648658,0.139884182
2,PET,0.03,0.03,0.338278555,0.48,0.670985931,7.875462087,1.343342242,0.144110357,37.49590948,0.58,0.162428701,101.8246222,890.7610899,6.6,80.59381292,0.682373971,2.838957922,2.865703953,2.895898094,1.229831594,2,0.978534279,0.000545767,0.020919954
4,PET,0.244038946,0.03580522,1.843909381,7.461657204,18.42164234,34.4600438,1.441902726,0.324510861,6.031218075,2.132539732,0.802781734,108.2390559,4942.194867,9.481984215,677.6162559,0.566399492,6.679730693,6.312429478,6.478703151,1.026649836,2.059255567,0.094758763,0.047002504,0.858238733
3,PET,0.03,0.03,8.835151164,0.972024462,0.906624174,14.71906289,1.17,0.201278879,0.352959391,4.082489977,0.13,273.9862655,4.460613325,6.6,43.28928655,0.630544154,5.251454162,4.488234747,4.545952287,1.187450824,2,0.844726236,0.000650751,0.154623013
4,PET,0.286525451,0.037607211,6.666892605,2.055063553,5.51787147,246.0653422,1.569821357,0.188467002,0.931784439,1.946469951,0.420392685,29.57672048,4323.852142,11.04225013,183.8002861,0.576615773,6.838850551,6.17982515,6.054027924,1.063648644,2.060319579,0.103420664,0.009291208,0.887288128
2,PET,0.03,0.03,0.323142155,0.48,0.665199898,5.819629364,1.205710895,0.140410466,56.45517692,0.58,0.167569709,27.62096821,774.1677589,6.6,86.2031919,0.62855926,2.981030192,2.914142791,2.579373777,1.263738341,2,0.914361451,0.000546993,0.085091557
2,PET,0.03,0.03,0.374764605,0.48,0.69666907,7.5467809,1.291427435,0.158214948,29.80687424,0.58,0.155914737,15.01629605,80.19332196,6.6,62.57741605,0.68290691,2.990688088,2.882584098,2.809077764,1.235180385,2,0.886269819,0.000675129,0.113055052
2,PET,0.03,0.03,0.272026699,0.48,0.69740547,9.652378622,1.172338822,0.143486094,12.50364204,0.58,0.159486211,41.99497621,289.2742459,6.6,87.43610234,0.709905639,2.880485675,2.810344322,2.944766181,1.256146288,2,0.913549832,0.000601392,0.085848775
4,PET,0.38156172,0.036214477,6.779546514,9.636185196,24.46048535,229.6995498,1.586582568,0.454245968,5.132207335,2.904080072,0.256971737,26.70113713,5755.820342,14.56071937,141.0420626,0.577104871,6.593715719,6.76558636,6.576126751,1.092520567,2.071401658,0.694251235,0.094883037,0.210865728
3,PET,0.03,0.03,4.807450456,1.947767293,1.0544229,16.00548355,1.17,0.194880778,0.320549152,4.072570762,0.13,302.8215742,4.845604425,6.6,35.6622023,0.687844723,4.064638846,4.861460619,4.424621965,1.193529873,2,0.873915967,0.000579655,0.125504377
3,PET,0.03,0.03,10.56370872,2.313923846,0.812933291,9.071759742,1.17,0.200736404,0.336580278,3.433335764,0.13,291.2177949,5.473184878,6.6,35.19238544,0.635561997,4.04539065,4.321088662,4.708320229,1.191066393,2,0.891904378,0.000693885,0.107401737
1,PET,0.03,0.03,0.21,0.48,0.65,7.15,1.17,0.14,0.27,1.3,0.2,279,25.1,6.6,28.4,0.717348025,5.407525225,5.407525225,4.497227037,1,2,0.984586634,0.000464997,0.014948369
1,PET,0.03,0.03,0.21,0.48,0.65,7.15,1.17,0.14,0.27,1.3,0.2,279,25.1,6.6,28.4,0.717348025,5.407525225,5.407525225,4.497227037,1,2,0.988888397,0.000498989,0.010612615
3,PET,0.03,0.03,4.509092646,1.95277079,0.758265904,7.98174168,1.17,0.202343505,0.354141412,6.216379155,0.13,286.519819,4.864446522,6.6,39.25064644,0.64310587,4.717094336,3.931440387,4.609643395,1.187624531,2,0.823314024,0.000691589,0.175994388
2,PET,0.03,0.03,0.211695533,0.48,0.693411857,6.563573109,1.229188953,0.157908376,12.51420845,0.58,0.15964067,14.73865263,1416.662953,6.6,57.92082467,0.614560549,2.963602227,2.860793156,2.930680495,1.237116768,2,0.808408968,0.000681503,0.190909529
4,PET,0.34076823,0.030196577,7.654515231,4.96006979,17.65596346,332.1582316,1.655538744,0.518777974,1.482428938,1.378042083,0.318082421,28.25521827,2673.693958,15.76958168,751.8118356,0.583233349,6.243327077,6.397268604,6.335549016,1.009692999,2.044137737,0.593391335,0.04232619,0.364282475
3,PET,0.03,0.03,8.077042457,1.248335852,0.755418216,13.1924332,1.17,0.204755559,0.311450268,5.806727752,0.13,281.7106334,5.670695227,6.6,33.26944916,0.676082106,5.161534236,4.75436105,4.455001635,1.167797744,2,0.939831789,0.000523358,0.059644853
4,PET,0.460150266,0.035576526,1.269840559,9.893460624,13.59022041,199.3054525,1.565750108,0.51924448,5.748091449,2.416314728,0.470172001,63.56679879,2758.748663,15.38078366,747.0924602,0.578811087,6.854018839,6.771840698,6.224792164,1.070168313,2.029403836,0.474546103,0.084094611,0.441359285
1,PET,0.03,0.03,0.21,0.48,0.65,7.15,1.17,0.14,0.27,1.3,0.2,279,25.1,6.6,28.4,0.717348025,5.407525225,5.407525225,4.497227037,1,2,0.957114705,0.000142672,0.042742623
1,PET,0.03,0.03,0.21,0.48,0.65,7.15,1.17,0.14,0.27,1.3,0.2,279,25.1,6.6,28.4,0.717348025,5.407525225,5.407525225,4.497227037,1,2,0.950539475,0.000416468,0.049044057
1,PET,0.03,0.03,0.21,0.48,0.65,7.15,1.17,0.14,0.27,1.3,0.2,279,25.1,6.6,28.4,0.717348025,5.407525225,5.407525225,4.497227037,1,2,0.981859662,0.000269225,0.017871112
4,PET,0.190631129,0.03878293,7.946850324,3.752426927,31.58763587,149.6246028,1.270312511,0.303688856,1.895710112,2.272139447,0.49222312,217.5118432,2857.668419,17.47796668,586.9775505,0.56486829,6.854098411,6.354105468,6.320876893,1.005183969,2.050410626,0.490962464,0.021604114,0.487433422
4,PET,0.40309609,0.03353783,4.029797053,9.711991113,27.16087974,66.01895979,1.681521307,0.209286376,2.521513328,3.072294119,0.61913114,110.3147281,5679.918379,9.720570554,455.6447239,0.570458669,6.878457539,6.783113497,6.450807384,1.067967786,2.024593316,0.330232064,0.008380174,0.661387762
3,PET,0.03,0.03,7.089079316,1.849509088,0.758872334,8.35135528,1.17,0.204380984,0.330425315,1.733206528,0.13,282.9281924,4.961155833,6.6,29.4258397,0.660138829,4.697437675,5.155454898,4.466314938,1.180970906,2,0.929789757,0.000646183,0.069564061
1,PET,0.03,0.03,0.21,0.48,0.65,7.15,1.17,0.14,0.27,1.3,0.2,279,25.1,6.6,28.4,0.717348025,5.407525225,5.407525225,4.497227037,1,2,0.968338562,0.00048912,0.031172318
3,PET,0.03,0.03,4.112503502,1.128740332,0.855394776,9.119691337,1.17,0.200307431,0.347836313,3.943535506,0.13,279.8587873,4.360203872,6.6,35.55550937,0.630907893,4.34541383,4.78974652,4.398170436,1.170616072,2,0.904713861,0.000650163,0.094635976
3,PET,0.03,0.03,8.570046909,2.350783034,0.848859255,13.86646566,1.17,0.199777754,0.315585793,1.784807749,0.13,297.5617695,6.253926828,6.6,29.99096523,0.699608572,4.010846642,4.379872235,4.687589652,1.183590886,2,0.847506981,0.000624186,0.151868833
