Class,Polymer,As,Cd,Co,Cr,Cu,Fe,Hg,Li,Mn,Ni,Pb,Sb,Ti,Zn,Metals Concentrations-Al (ppm),Melt flow index,Tensile strength (Mpa),Paper,Cardboard,Food residue,Others,PET,PP,PE
4,PP,0.03,0.03,0.19,0.48,0.65,5.99,1.17,0.14,0.16,0.58,0.13,0.09,4.39,6.6,58.1,71.28339653,5.788858772,2.667580703,2.406239125,2.963095991,3.819894537,0.033835231,0.006125143,0.960039627
4,PP,0.03,0.03,0.29,0.48,0.65,2.82,1.17,0.14,0.13,0.58,0.13,0.09,2.57,6.6,59.9,62.36388212,28.23048271,2.267696573,2.848785247,2.254401479,3.635382314,0.077460051,0.201718022,0.720821927
3,PP,0.03,0.03,0.19,3.65,0.65,5.31,1.17,0.22,0.13,0.94,0.13,0.09,6.35,6.6,46.7,54.11359426,24.36736405,2,2,2,3,0.000669288,0.850585387,0.148745325
3,PP,0.05,0.03,1.84,0.48,2.2,3.72,1.17,0.14,0.13,3.02,0.13,0.09,3.58,6.6,28.4,55.28985423,28.56747334,2,2,2,3,0.000512881,0.926715537,0.072771582
3,PP,0.32,0.03,1.24,0.91,173,36,1.45,0.17,3.68,1.03,0.4,1.08,12800,69.7,443,50.37884084,28.95459511,2,2,2,3,0.000608374,0.816172411,0.183219215
2,PP,0.03,0.03,0.43,0.48,0.96,3.15,1.17,0.14,0.13,0.69,0.13,0.09,6,6.6,38.1,58.51627004,23.28793969,2,2,2,3,0.000677878,0.936247091,0.063075031
2,PP,0.15,5.03,1.12,2.57,21.7,226,1.64,0.67,2.07,0.68,12.44,15.8,3660,32.8,390,56.14538183,23.59078244,2,2,2,3,0.000596075,0.856859771,0.142544154
2,PP,0.06,5.81,1.24,7.37,10.1,173,1.17,1.29,2.35,1.17,18.4,33.1,1970,12.2,287,54.67508296,23.46127657,2,2,2,3,0.000697612,0.806478823,0.192823565
1,PP,0.1,15.9,1.54,14.3,11.4,220,1.17,0.28,3.33,1.85,42.8,5.84,1740,34.5,207,30.61319385,25.35719493,2,2,2,3,0.000107973,0.983688081,0.016203946
1,PP,0.45,0.24,1.7,24.8,18,1060,1.17,0.68,9.12,7.68,7.98,3.73,1710,35.6,839,42.55982902,26.78698681,2,2,2,3,0.000413741,0.991119751,0.008466508
1,PP,0.42,0.2,6.23,30,19.2,723,1.41,0.24,4.28,11,6.23,3.11,2070,11,2522,28.23884324,28.58862138,2,2,2,3,0.000135695,0.970628018,0.029236287
1,PP,0.28,0.03,1.49,8.02,16.9,267,1.17,0.4,4.58,2.61,0.92,0.43,3880,18.6,627,26.17303323,29.17315263,2,2,2,3,0.000209016,0.957264285,0.042526699
1,PP,0.03,0.23,0.44,12.9,3.05,85.4,1.36,0.67,1.2,0.89,12.42,0.35,235,14.7,143,16.89900744,28.94192479,2,2,2,3,0.000390048,0.958183859,0.041426093
1,PP,0.09,0.03,0.22,0.99,2.48,59.8,1.17,0.32,0.8,0.58,0.13,0.11,2760,11.1,86.9,7.33455762,27.98462738,2,2,2,3,0.000239321,0.98050647,0.019254209
1,PP,0.07,0.18,1.12,2.67,14.9,109,1.43,0.75,1.38,0.79,0.82,2.29,1320,15,145,28.39260048,28.89178578,2,2,2,3,0.000428269,0.962826943,0.036744788
1,PP,0.68,0.03,4.71,2.13,10.9,114,1.17,0.14,3.02,2.63,0.58,0.09,7000,8.24,199,22.29555884,27.26174458,2,2,2,3,0.000254019,0.964645668,0.035100314
1,PP,0.33,0.11,1.13,6.83,32.5,1520,1.17,0.32,8.22,3.52,2.11,0.42,3810,26.1,210,40.52463275,28.23326572,2,2,2,3,0.000446321,0.953307573,0.046246106
1,PP,0.43,0.03,0.77,0.76,0.65,55,1.54,0.14,0.93,0.99,0.23,1.31,7980,6.6,182,37.64665838,27.62522998,2,2,2,3,0.000315408,0.985820587,0.013864006
4,PP,0.42,0.03,4.21,18,27.6,2210,1.17,0.14,7.99,5.95,0.23,0.14,4000,6.6,297,66.17303323,27.71648837,2.653220382,2.4393833,2.514101298,3.924877448,0.020158239,0.597042638,0.382799124
4,PP,0.03,0.05,0.94,0.48,1.36,11.6,2.01,0.14,0.38,1.03,0.15,0.18,5.52,10.5,183,70.52463275,11.40907787,2.925692309,2.21400958,2.661616829,3.716416064,0.072797247,0.762218539,0.164984213
4,PP,0.586236273,1.594337888,4.369846937,12.79358271,12.36076943,469.605912,1.20343719,0.30260045,2.451298846,4.913777492,30.35402005,4.278943557,1290.770865,35.56753167,1570.83449,70.37501483,28.81140282,2,2,2,3,0.072142493,0.029007257,0.89885025
4,PP,0.536198756,7.354379468,3.76678641,1.992374001,10.34917268,1491.019327,1.49317991,0.330528212,1.053518914,4.242772118,34.35094622,0.978854334,4595.509432,7.028852529,2386.317585,68.87074519,27.73644029,2,2,2,3,0.02251306,0.605184435,0.372302505
3,PP,0.042406411,2.649868383,0.482681183,1.69313573,4.045419044,166.4176855,1.234412806,0.740680877,0.790373416,0.721006162,16.95819374,18.62429076,2380.77664,24.04376644,122.2279591,55.13535548,23.38723655,2,2,2,3,0.0006612,0.878346391,0.120992409
3,PP,0.063619401,1.312312939,0.626477929,2.003215279,20.33974505,38.23075878,1.5093473,0.600077348,0.207224953,0.747331307,8.073483347,8.216394754,808.9057722,32.7277743,212.3454514,51.59845956,23.35294556,2,2,2,3,0.0006133,0.801743864,0.197642835
2,PP,0.307769071,0.03,0.431114687,1.908389037,158.2863142,19.59505263,1.432090277,0.201752065,3.220420773,2.714547022,0.228169033,0.504496733,8313.112511,19.30315582,312.8849387,55.47741159,25.80718162,2,2,2,3,0.000685038,0.995732492,0.00358247
2,PP,0.226343685,0.03,1.165537027,3.471346283,23.91122614,29.656341,1.317988478,0.152993952,2.687122105,2.105641082,0.131499789,0.658608439,799.0358255,65.52041971,186.0164942,54.82833157,26.10093511,2,2,2,3,0.000578921,0.938495163,0.060925916
4,PP,0.515152236,12.94050308,6.022097187,7.083045531,20.14744766,157.0861871,1.430558437,0.650101313,6.050308254,6.477733684,14.53549543,0.093452804,1419.66699,19.24918702,1433.220343,66.43696806,25.89180805,2,2,2,3,0.050176365,0.624458757,0.325364878
3,PP,0.113038055,4.689848246,0.877718371,6.774047,4.787197765,35.51766951,1.38106638,0.613664538,1.48827713,1.132335228,5.657294894,17.72975676,2612.822563,18.85507737,112.3428804,51.35323572,23.36837403,2,2,2,3,0.000536635,0.898614824,0.100848541
1,PP,0.186138113,0.038706698,3.673826689,16.58960272,8.003265417,274.2363155,1.971862717,0.14,3.575931132,1.335496998,0.193026681,0.155453548,2914.762012,10.08890239,59.81146886,17.826612,23.42157044,2.562854656,2.34463163,2.950122592,3.847471843,0.000315517,0.975925046,0.023759438
2,PP,0.054465969,0.03,1.652553925,1.20099184,75.1739392,31.31929981,1.345734383,0.168087493,2.067917748,2.886453651,0.151231398,0.950879071,11293.41048,38.11112686,433.074036,56.29871778,26.22104053,2,2,2,3,0.000683777,0.811128986,0.188187236
3,PP,0.059219729,3.582577286,0.631720362,4.817489037,2.514563678,122.8589985,1.445346657,0.920357903,0.248669052,1.035257772,16.31005653,3.063078783,1211.801372,9.987784249,169.6168815,54.6444221,23.53373149,2,2,2,3,0.00057186,0.854195179,0.145232961
4,PP,0.281248719,3.073727703,4.479903681,11.36974366,15.37957035,69.53477639,1.290413247,0.614860755,3.594620442,10.72376447,17.45264418,1.150157553,3604.822918,13.31115808,1260.502381,67.16002626,28.79541906,2,2,2,3,0.021182604,0.011664382,0.967153014
2,PP,0.319953117,0.03,1.273107109,3.079835118,20.53792662,34.9097112,1.411866674,0.177469846,0.604185968,2.703860703,0.149086711,0.332879666,5725.013583,64.87377989,174.9670919,58.50575926,25.14197185,2,2,2,3,0.000638599,0.829731991,0.16962941
1,PP,0.3238537,0.038783995,3.180365288,17.12110814,5.726592312,498.5133264,1.87169204,0.14,3.045186591,4.201275843,0.203008268,0.135845996,3003.097713,7.342611637,66.9526076,8.362799988,26.73350844,2.488733553,2.226976039,2.430430852,3.650538071,0.00041887,0.96799981,0.03158132
2,PP,0.10757242,0.03,0.323606329,3.133189749,168.5472501,30.55803426,1.223335397,0.18653387,0.504157375,2.132738851,0.232169993,0.969296591,11419.89177,27.68187937,257.904388,57.95488239,25.51708261,2,2,2,3,0.000537779,0.944873677,0.054588545
2,PP,0.198876256,0.03,1.457740471,3.019192809,117.1847037,17.15575559,1.33144432,0.175904425,2.390664115,2.880976192,0.175094277,0.743165594,8619.029731,29.63112558,344.9147997,54.7854241,27.18605171,2,2,2,3,0.000671045,0.834732502,0.164596453
4,PP,0.580817132,3.460845378,1.236475941,8.437306099,9.573435191,1389.970713,1.387618071,0.552778637,4.998898103,8.661850367,12.62505441,0.761007575,5296.689969,19.95523657,210.0524436,71.01578894,26.87138404,2,2,2,3,0.056810486,0.062998337,0.880191177
3,PP,0.083866121,3.08934302,0.951730562,0.782804121,1.462857487,24.30203947,1.593435422,0.220072482,2.175129457,1.001971901,18.39959398,27.7848325,3098.792896,29.65291186,70.18302223,52.36904455,23.47535068,2,2,2,3,0.000567914,0.935960512,0.063471574
3,PP,0.122238177,1.351370128,0.69894315,1.71664556,5.501869719,13.72840945,1.443119586,0.315290102,1.560405388,1.060572193,6.755324856,30.23503561,1826.766911,17.05094099,236.3309922,53.37394191,23.5743113,2,2,2,3,0.000509283,0.913917924,0.085572793
2,PP,0.254898673,0.03,1.089425316,2.817139778,123.5910927,6.163911616,1.321686167,0.165764769,0.44108886,1.24833063,0.230621186,0.112503814,3511.325829,11.27258825,33.22498609,57.98687961,27.22179609,2,2,2,3,0.000519177,0.814433903,0.18504692
2,PP,0.141896461,0.03,1.752153828,1.255867527,137.8135665,32.27311087,1.317749202,0.17457282,0.878799742,2.34933157,0.17285112,0.16414072,8945.384433,7.399415627,340.8433743,57.87773286,27.52871403,2,2,2,3,0.000643715,0.873176498,0.126179787
3,PP,0.079602836,3.511755882,0.874517354,6.095620842,15.67597178,122.7967189,1.189883946,0.85683873,0.270266495,0.878964562,4.339847969,12.17136132,1491.85285,17.21243022,56.70204793,54.96393001,23.3661798,2,2,2,3,0.000645271,0.893402937,0.105951792
4,PP,0.485048717,2.716936041,0.54125199,11.53218485,3.556350768,859.5835506,1.216824116,0.603715861,3.696473274,7.648277351,28.8254178,0.71098415,5463.633373,11.0450615,2002.301856,66.32536989,28.99407448,2,2,2,3,0.009227655,0.78114501,0.209627335
4,PP,0.2797469,4.657218538,2.649372019,18.06002669,13.09744103,988.2122433,1.204967743,0.256608932,4.7326814,10.90574391,24.19982564,1.156314791,2350.636257,19.54965819,2054.85826,67.8877493,26.68740277,2,2,2,3,0.079274478,0.799983833,0.120741689
1,PP,0.308085091,0.048254309,3.712144806,6.64395188,15.42799219,585.3743126,1.701477843,0.14,5.994283383,4.49955049,0.16933328,0.115989457,3102.740855,7.102692816,168.2179835,18.95967677,21.40593374,2.619539105,2.445880792,2.260108863,3.874634117,0.000441834,0.954870241,0.044687925
1,PP,0.304532519,0.03774358,1.960456905,10.5030728,7.245480481,1150.380081,1.293499641,0.14,2.122195452,4.636718589,0.220561689,0.09525197,1852.967655,8.218360796,88.68228956,38.31958957,21.27641762,2.540124045,2.314677338,2.704213784,3.699824874,0.000400719,0.981888389,0.017710892
3,PP,0.140037124,1.180812302,0.756329051,5.601291253,18.60458359,75.57871533,1.55843838,0.746762052,1.221584569,0.896264926,13.56933515,26.05980842,912.1348653,8.034769434,387.4497106,51.86468883,23.32692817,2,2,2,3,0.000673757,0.899543377,0.099782866
4,PP,0.28853061,4.256946654,3.841532863,3.718429521,14.66121992,478.5583108,1.34213538,0.719294828,8.870262418,7.351741472,28.43880535,0.228784684,3535.196094,24.08149159,2349.929075,68.36805285,27.69150017,2,2,2,3,0.083974706,0.341676983,0.574348311
3,PP,0.110085384,5.303159895,1.137310279,4.646552118,19.78295201,157.4841317,1.257276952,1.101423839,0.443310328,0.930151971,1.195381084,1.705467355,1427.863692,13.41946431,85.24897681,54.24694869,23.50754363,2,2,2,3,0.00064051,0.861230869,0.138128621
4,PP,0.674441671,0.540323993,2.007435827,4.403398612,20.71555648,573.061089,1.415116779,0.467961463,4.734988921,9.430835333,22.05553829,4.236008396,5213.485589,35.12577532,1338.374206,64.00432813,29.09631545,2,2,2,3,0.07657662,0.516623597,0.406799782
3,PP,0.076802655,5.219092361,1.232531885,0.986788813,12.3763694,110.1605627,1.575310832,0.880384255,2.107663908,0.784219952,5.643111187,15.37370916,805.4126165,14.85202409,61.51721756,54.22055165,23.41115806,2,2,2,3,0.000650998,0.948366771,0.050982231
4,PP,0.21814468,9.369561839,4.031218079,3.883653612,26.81495806,1034.988525,1.373913342,0.506715826,6.02461081,9.812572702,5.252486969,4.5475822,4285.28947,25.32508459,284.3181526,67.57450722,27.35354883,2,2,2,3,0.032405628,0.480094708,0.487499664
3,PP,0.0721748,0.904522448,0.745621645,6.658585817,4.476755157,130.4853412,1.204100261,0.786088172,1.087052345,1.070528805,6.349079247,7.647346572,1467.999257,18.82273342,214.0755935,54.9129207,23.40976746,2,2,2,3,0.000640677,0.863027224,0.136332099
1,PP,0.391480482,0.043150645,3.452033415,1.2005526,25.93625536,1513.726919,1.778512735,0.14,7.973513226,5.442233615,0.218087165,0.150188641,1387.346787,10.05772161,241.3992169,31.09081228,9.910837803,2.666398903,2.65848409,2.317072773,3.868635729,0.00048295,0.954134414,0.045382636
2,PP,0.277691785,0.03,0.387548446,1.67450572,130.6709752,3.91089235,1.36620924,0.193201042,3.137585029,1.538262939,0.38735474,1.053674283,8268.201571,42.07758846,256.2669982,56.66300239,27.2336159,2,2,2,3,0.000641324,0.82205815,0.177300526
4,PP,0.061914975,8.994413623,4.839121009,22.91446218,31.33407204,1444.047046,1.285962472,0.290217617,5.505323723,8.179016654,34.47336202,4.954477805,5112.023799,12.28951482,2225.951775,66.94901539,28.24825213,2,2,2,3,0.072252013,0.58751768,0.340230307
4,PP,0.362194207,4.066626582,3.592883345,22.47898743,8.393237844,1382.74952,1.534214304,0.279310058,7.415651707,6.465518659,16.67916895,5.421141611,4489.751346,10.14107355,1264.859364,69.92283717,26.61137356,2,2,2,3,0.094644057,0.188299765,0.717056178
4,PP,0.378923938,3.814264271,4.729616826,7.679215921,20.24473851,461.724036,1.27573717,0.575206321,7.277497202,3.638144703,19.76868184,2.514384065,3482.756737,26.05200089,2239.961339,70.44651151,28.79353846,2,2,2,3,0.072051024,0.568873918,0.359075057
1,PP,0.22696827,0.033087754,2.086440055,10.90015348,10.59671316,935.4513912,1.252272999,0.14,2.068568984,2.196778439,0.219097012,0.097011752,3117.561434,7.460404524,108.2878618,27.10122415,26.86736084,2.601363169,2.754427679,2.64856166,3.891725624,0.000458946,0.9955809,0.003960154
1,PP,0.326452046,0.048812788,3.940467864,17.01791695,17.25226685,1584.785288,1.644562987,0.14,7.188002603,5.367121382,0.174602706,0.152671407,12.1642443,8.63433629,267.450028,8.334587497,24.58195884,2.873617397,2.540516479,2.271180868,3.70483786,0.000151552,0.952887499,0.046960949
1,PP,0.317272781,0.037778827,0.26693742,8.684933145,24.0443088,699.7828489,1.246305996,0.14,1.666430913,4.244694712,0.132142114,0.131554782,1409.885057,8.423602433,72.7233519,23.19029947,11.58043296,2.306340768,2.827351958,2.768702808,3.84680201,0.000449854,0.97107932,0.028470826
4,PP,0.529909858,12.12322307,0.646455169,25.83108527,31.70855963,671.8078371,1.229634343,0.419749533,8.908779564,9.557745583,34.40451098,0.607019498,5524.756026,7.629597442,1491.575285,69.92334499,25.68066185,2,2,2,3,0.008377781,0.599454493,0.392167725
3,PP,0.069243393,4.973210471,0.642213022,4.726077462,17.61893327,95.79628449,1.351022375,0.904175753,1.366103061,0.920804215,17.94203981,4.272914301,2857.549243,22.44643268,220.5755707,53.52523766,23.56433858,2,2,2,3,0.000687833,0.9195545,0.079757667
3,PP,0.053446089,2.961713579,0.747693326,3.810609544,16.9745915,17.71997656,1.397166714,1.175127114,0.781076921,1.156065694,11.40044381,28.81428449,2837.138249,26.55773124,202.0449946,52.98285171,23.36891348,2,2,2,3,0.000564092,0.891635136,0.107800771
4,PP,0.347457503,4.005218919,3.743242217,29.90708661,4.572177078,115.1655935,1.396475514,0.644876343,5.412318548,7.880674925,12.56885953,2.457352537,7443.26419,28.24155308,102.5311381,68.55172986,28.99846946,2,2,2,3,0.024859788,0.317623349,0.657516863
1,PP,0.27900146,0.032518353,2.806189359,2.351309489,21.8124165,1480.225059,1.459185216,0.14,1.309776666,1.95934733,0.135802192,0.144319267,3064.942086,9.522755363,278.4237957,10.52921679,24.46278267,2.786950971,2.419855414,2.859707789,3.732738051,0.000343345,0.989458067,0.010198587
3,PP,0.046709537,0.635581539,0.769876669,7.100356038,20.27514594,104.4460284,1.587281609,0.435252453,1.485517427,0.912457709,13.98141138,27.89499753,2978.898814,32.73086812,358.1418322,54.2428253,23.59057307,2,2,2,3,0.000640602,0.859107776,0.140251622
4,PP,0.2736851,7.264682846,0.289528536,22.9304018,2.778959517,421.7918976,1.20353903,0.241540452,1.561822068,2.719155503,28.60034927,4.78327897,3972.019257,16.39796783,542.5155509,64.08235327,28.56709652,2,2,2,3,0.009128819,0.138431005,0.852440176
4,PP,0.655845077,0.493069405,4.876305401,25.58387475,18.89468355,626.1647231,1.204530869,0.567823153,3.444887582,5.784509414,40.19983538,4.725283722,5412.363368,11.92737717,2087.724637,65.31811932,26.42516611,2,2,2,3,0.099172715,0.209920391,0.690906894
1,PP,0.316713872,0.045782193,2.857219275,1.025818974,17.04275199,1482.458256,1.183049808,0.14,7.300206137,5.888513532,0.167973011,0.119739527,3356.67199,6.970593384,278.6234993,21.35391241,24.73281778,2.465628159,2.494253248,2.578507891,3.73254101,0.000152481,0.977246107,0.022601412
1,PP,0.141874163,0.036059593,3.206453218,0.543042716,23.55884988,230.0593641,1.907624443,0.14,1.614823822,0.896153627,0.16358514,0.134812134,3763.381072,7.23951066,104.7309602,14.81303457,12.40694911,2.745422442,2.835026262,2.716080801,3.774871918,0.000102694,0.967280571,0.032616735
3,PP,0.062098739,4.274012638,0.864901759,1.060398432,18.21569455,176.1012231,1.407051614,1.257735213,1.946992344,1.074218944,0.208109139,17.73847334,2174.163829,7.853952219,256.8956654,52.40723946,23.58109965,2,2,2,3,0.000541562,0.869420104,0.130038334
1,PP,0.139965927,0.030403371,1.278520488,9.435295045,3.426449817,1301.559692,1.34441604,0.14,0.241952072,4.239835729,0.194142462,0.13289496,134.2961445,7.401478309,109.2490841,28.54471027,25.67846086,2.742182083,2.309999144,2.533277083,3.725446621,0.00014552,0.950527322,0.049327157
1,PP,0.137995755,0.033187865,2.748630305,5.522893132,3.011812173,1563.318554,1.493306015,0.14,5.187005723,2.284929178,0.138767629,0.129023693,223.1888376,7.043831792,131.9650574,10.29171458,9.476674397,2.797018206,2.80923997,2.391428925,3.833635292,0.000470943,0.994381603,0.005147454
2,PP,0.288330694,0.03,1.158728336,0.953653756,1.895685653,28.83006743,1.230175202,0.18162016,3.236005499,2.547364571,0.273880389,0.55402611,7701.567519,18.61659013,398.5989847,56.33007004,27.53135528,2,2,2,3,0.000578019,0.924128047,0.075293934
3,PP,0.132277726,3.832142785,0.956115518,2.493379013,9.771626765,77.20730715,1.57948342,0.601251466,2.103587978,0.737799158,12.4487806,15.97028357,3462.004675,7.574280547,348.2383148,52.01255519,23.43263159,2,2,2,3,0.000514439,0.833182121,0.16630344
4,PP,0.607905555,11.32894681,5.754176462,11.15875139,24.59856925,839.5546754,1.304590601,0.316155305,6.117291764,1.294147247,20.9834283,0.849438287,7414.259059,18.35526386,1248.299437,64.49278419,28.28701583,2,2,2,3,0.024619982,0.540890127,0.434489891
1,PP,0.354896765,0.049571688,1.49054306,15.27899566,25.7648984,318.7526744,1.206524471,0.14,7.342169915,4.7525124,0.180804798,0.135283704,3245.799333,9.905706395,253.3245946,27.38310649,11.61237261,2.750127491,2.667199535,2.39398672,3.823332657,0.000409763,0.960809261,0.038780976
1,PP,0.133456069,0.046798371,1.35192746,9.160482779,20.03313245,1260.149865,1.266551574,0.14,3.773555596,3.934008106,0.190450891,0.121632679,1132.628448,8.547605268,201.8300038,14.82807331,23.35005089,2.343640105,2.788855444,2.580774853,3.804468439,0.000327271,0.965349127,0.034323602
2,PP,0.307891075,0.03,1.600540617,2.869909441,169.4977336,19.11724609,1.420940287,0.1842136,0.747286531,2.54773756,0.362332313,0.207444676,3298.685645,35.54223991,149.0045504,58.15254007,26.79104838,2,2,2,3,0.000537087,0.917293425,0.082169488
2,PP,0.03316108,0.03,1.548147303,1.519125137,54.95249602,33.53406055,1.232480453,0.175427075,2.411799701,1.638413798,0.303521312,0.86577066,10831.43551,50.51564763,244.3367355,56.97378612,25.20783984,2,2,2,3,0.000637759,0.821603108,0.177759133
3,PP,0.074527514,3.466094622,1.063023709,1.524068761,12.85253998,133.3015793,1.544745005,0.769035108,1.451452696,0.871618193,1.015748198,21.82529537,373.3286434,32.27721247,222.3240509,53.62920607,23.29442344,2,2,2,3,0.000551065,0.926365438,0.073083497
2,PP,0.066467011,0.03,0.687051165,2.954734905,37.05276375,9.014102631,1.284426325,0.177381579,0.390828787,1.301667164,0.368367259,0.789950605,12041.80648,64.864337,359.9663251,54.7951875,26.3761059,2,2,2,3,0.000531215,0.978377898,0.021090887
3,PP,0.089006309,1.863536691,1.225109426,4.685335418,3.695614073,46.78508135,1.481541752,1.186625338,2.218439714,0.861892364,16.73506648,22.72183868,2619.35036,13.97218279,339.3679184,50.62847242,23.45544567,2,2,2,3,0.000512675,0.837476113,0.162011212
4,PP,0.265473621,1.100484557,1.87045364,8.077750809,21.01760135,161.8908961,1.421910534,0.67239606,6.049798657,4.914981487,29.45435039,3.827977601,1001.129817,11.07712941,1637.517546,69.69857244,28.86083576,2,2,2,3,0.018390868,0.503065899,0.478543233
3,PP,0.117579529,3.80713133,1.003697435,1.590772151,8.81932901,130.5763521,1.578558497,0.369260253,1.157427466,0.716145538,4.324466666,7.899448627,1242.192031,19.41620688,151.7704241,55.11389628,23.53691713,2,2,2,3,0.000681345,0.906448013,0.092870642
4,PP,0.460263758,15.54996069,4.005586421,3.428063515,9.365103065,160.4042795,1.422769042,0.581178802,6.576663867,4.692169315,9.094992346,1.484958496,3163.081751,33.48333295,2038.09388,69.52244547,27.0393959,2,2,2,3,0.09611401,0.208171659,0.695714331
1,PP,0.412763962,0.040179328,2.43019393,7.705735084,22.73878636,464.9948394,1.562220121,0.14,1.863921199,0.787844142,0.200849718,0.154864617,3998.357682,9.37725421,193.0647357,42.38677462,20.55808025,2.652482812,2.723624156,2.754211439,3.691049842,0.00034058,0.968955352,0.030704068
2,PP,0.138728207,0.03,1.63183646,2.071031406,91.64082377,9.988318445,1.216632441,0.196472398,1.537343801,1.94640947,0.298407526,0.129087954,3452.318647,50.68211718,50.55716936,54.8408173,28.08800247,2,2,2,3,0.000569523,0.877885398,0.121545079
4,PP,0.467650221,13.74704596,2.161688218,25.21560503,29.47483047,1175.704269,1.235876235,0.142583364,2.125309268,2.382574193,13.77131953,2.228483984,6987.542227,13.78641747,1362.756186,66.60243792,28.37433131,2,2,2,3,0.024085974,0.4226603,0.553253726
4,PP,0.076643346,8.971543777,2.372494856,10.03496803,25.66745193,1186.931005,1.481423329,0.360644604,4.5732446,10.87566987,41.65163175,5.805781516,6803.276218,21.54317028,2333.92021,70.30676114,26.83250525,2,2,2,3,0.06218169,0.481028221,0.456790089
2,PP,0.286880331,0.03,1.096992605,1.04221624,34.05815595,11.10531119,1.235554944,0.183378452,3.658623421,2.906483873,0.37838901,0.534601946,5801.309306,63.15603277,424.7462645,57.01207664,26.73971961,2,2,2,3,0.000696362,0.864580387,0.134723251
4,PP,0.17135011,14.37564152,2.65074811,13.47673292,17.27277902,121.7339652,1.334820632,0.683748736,5.365057836,2.556140985,38.15889925,1.870637259,1231.631175,8.39372003,657.9502459,66.33492019,29.05158035,2,2,2,3,0.05460648,0.015230167,0.930163353
4,PP,0.652967668,4.688269326,4.862063401,3.902938855,27.16235451,987.7361979,1.38679182,0.147188343,8.132221519,7.61412598,23.29741757,0.963982246,6460.767141,6.702498001,1445.898879,64.25004582,27.34729354,2,2,2,3,0.063563251,0.289079919,0.64735683
3,PP,0.082853921,0.506118352,0.868695439,5.162593214,5.66529882,198.9607963,1.410086846,1.093532804,0.286026962,0.975848282,16.99674007,18.73237338,62.08830956,32.11214997,259.6178597,53.07039672,23.57825527,2,2,2,3,0.000537176,0.893343255,0.106119569
3,PP,0.123629266,4.713808945,0.472162102,0.579363584,12.89332132,25.81465669,1.2642404,0.6767696,1.930662695,0.688076723,13.27535293,25.58023148,281.9491603,27.69188909,59.11454689,52.01845054,23.35109471,2,2,2,3,0.000529299,0.921844345,0.077626356
1,PP,0.137681767,0.035571582,2.885996539,15.89042942,5.880367718,804.9645438,1.621054214,0.14,1.740886289,1.112479528,0.149728055,0.103336738,1822.220421,9.453451819,188.2013887,38.58109217,23.98929259,2.841147875,2.215035067,2.876215039,3.894498236,0.000463338,0.991419309,0.008117353
3,PP,0.0870143,1.480313336,1.068316712,1.077568338,20.22877655,174.2085735,1.603510265,0.47343892,0.217373011,0.847845377,6.743598371,26.72366876,2302.424526,31.15883034,68.80140657,50.62839214,23.31766181,2,2,2,3,0.000532504,0.931051418,0.068416078
2,PP,0.050058622,0.03,1.049407639,1.185409061,5.895823578,12.02812622,1.296373307,0.183111112,3.064884607,1.262247825,0.194368565,0.414046418,3382.291989,35.96159879,363.0969924,58.31276223,27.81098229,2,2,2,3,0.00067948,0.905266565,0.094053955
3,PP,0.080192918,4.278097318,0.523574595,4.895868048,6.130661538,153.7970578,1.479939325,0.250937586,2.044390685,1.1132985,9.043206652,27.53447018,1797.872253,31.80026935,222.6206201,52.68660159,23.43454204,2,2,2,3,0.000645937,0.8472189,0.152135164
4,PP,0.361196624,5.295632547,0.713459939,27.57365848,15.81046668,691.3796529,1.416169742,0.717215066,2.643621202,3.759736416,20.35957154,0.675656833,1001.381909,18.00834571,1583.360838,66.36652927,25.88263009,2,2,2,3,0.031221176,0.231730292,0.737048532
1,PP,0.086445714,0.032414698,4.09318828,10.45098972,24.99974132,1975.355187,1.471214701,0.14,7.584128833,4.100126141,0.211019899,0.094991598,2204.875173,6.913493578,142.9875219,10.11499635,16.8302831,2.293676916,2.708110184,2.524964818,3.664312569,0.000338729,0.992705777,0.006955494
2,PP,0.051401128,0.03,0.228584951,2.722745197,131.3866357,12.94842264,1.219044776,0.171532331,2.105560256,1.883311582,0.156372561,0.680378669,7538.47661,30.64037866,90.40711634,56.74899766,24.61464865,2,2,2,3,0.000635648,0.879121966,0.120242386
2,PP,0.16520363,0.03,1.595175743,3.348439974,10.54192104,11.64301402,1.371147198,0.164364155,3.424627476,1.703635623,0.16372203,0.52040488,12784.44809,32.16355344,164.1063592,57.47214444,25.1779664,2,2,2,3,0.000670197,0.880914067,0.118415736
3,PP,0.037315067,4.924541436,1.161393811,2.073821812,8.744281322,105.8725413,1.51227161,0.368213478,1.838761253,0.698670113,11.18680825,20.90780203,2909.338481,17.45052531,105.5744211,55.2890542,23.4592533,2,2,2,3,0.000633656,0.911892504,0.08747384
2,PP,0.250409533,0.03,1.603716844,3.086623175,125.2948052,33.54100585,1.271050974,0.144074882,0.913492852,2.584672605,0.166897592,0.50595216,8421.878482,47.06934054,272.0947323,55.14946158,24.95795617,2,2,2,3,0.000668116,0.954151137,0.045180747
3,PP,0.100686222,1.38943768,1.01818971,5.1516772,11.3498149,143.4636971,1.38936791,0.90727493,1.036798391,0.899749792,9.860181305,32.47771252,269.4021798,9.352358532,283.4199263,50.89080647,23.49029207,2,2,2,3,0.000556321,0.930232705,0.069210975
2,PP,0.150546295,0.03,0.521670022,2.508553257,163.8504664,20.28611755,1.338126404,0.153912217,3.137339599,1.837627385,0.286192842,0.779760833,2513.202228,26.42641493,431.8182143,54.80103916,25.65965061,2,2,2,3,0.000554149,0.839452388,0.159993463
4,PP,0.035316629,2.974406321,3.776526237,25.57107238,2.004388168,737.9721622,1.207813599,0.289405636,5.968690271,6.489826585,11.6315705,5.009868984,7822.434128,23.29227512,793.5213276,66.84703032,27.07533314,2,2,2,3,0.04002888,0.210252794,0.749718327
2,PP,0.178687874,0.03,0.291359034,2.504280941,83.48287205,21.56798846,1.230411552,0.151710238,0.70443377,1.45547805,0.262188545,0.16930727,12572.56345,19.56003153,345.5150348,55.64409646,26.98601986,2,2,2,3,0.000504155,0.906374866,0.093120979
2,PP,0.194068135,0.03,0.938024308,3.543525799,116.834445,14.13292453,1.342753135,0.143368297,3.330339689,2.261471823,0.323264687,0.771750979,10632.95309,57.08776585,94.20588398,55.54958332,27.74847754,2,2,2,3,0.000559772,0.9420966,0.057343629
2,PP,0.195489452,0.03,1.265021081,3.253696492,108.0379516,8.972001102,1.250421448,0.165833993,1.248874522,2.57498283,0.264783259,0.458441283,7248.708023,47.76889674,36.76005468,55.48402589,25.14953489,2,2,2,3,0.000645019,0.92960477,0.069750211
2,PP,0.155279785,0.03,0.504380045,3.428641535,164.0400388,18.40121719,1.251137638,0.192181537,3.226416881,2.883599592,0.262200774,0.602625429,1907.268119,29.6889966,196.6395941,55.84917487,25.66780395,2,2,2,3,0.000597483,0.976416732,0.022985785
3,PP,0.055437267,5.032447137,0.970872742,0.67167473,5.266647195,101.663631,1.58057947,0.45191825,1.404452411,1.075222402,15.09875922,11.2625003,1500.855095,21.93262754,323.6979962,51.90783652,23.45256032,2,2,2,3,0.000534161,0.920782063,0.078683777
2,PP,0.235327364,0.03,0.575791037,2.907782878,61.91474919,17.02668305,1.174755837,0.182587896,2.639709422,1.28492748,0.196719747,0.906272824,7471.239446,38.78751158,261.6840407,58.08069266,28.91289287,2,2,2,3,0.000569333,0.988905321,0.010525346
1,PP,0.214538986,0.044251919,1.61704776,3.096360055,8.792133217,66.82033253,1.494776196,0.14,0.86030984,5.112363322,0.174287271,0.142057161,2727.36745,6.917184461,232.8454733,10.44622164,17.25925996,2.319321283,2.216031522,2.744470846,3.909677893,0.000416779,0.994542398,0.005040824
3,PP,0.118622662,3.430459573,0.981899516,3.061049294,13.68699592,117.9659919,1.625855514,1.286444594,1.077585429,0.984132132,12.76691407,3.714550174,977.9749801,7.096160445,149.6741031,50.42538656,23.57639329,2,2,2,3,0.000674881,0.805525249,0.19379987
1,PP,0.230318012,0.046822385,1.290709406,12.79700942,10.19041395,1167.429722,1.354997101,0.14,2.799989635,2.50133945,0.153515757,0.155912784,3758.660483,7.295238172,81.23127089,18.13249043,25.65290703,2.751675834,2.499413085,2.413838319,3.846956344,0.000275515,0.986808348,0.012916136
4,PP,0.468440802,14.56148506,6.129112778,8.398750735,23.55769218,1482.64495,1.373934613,0.53200753,5.340189941,8.434248047,10.95540251,4.836941146,3248.777934,11.47792998,2298.067282,67.58549563,26.09658981,2,2,2,3,0.033121896,0.17760045,0.789277654
3,PP,0.08113728,5.422886958,1.017862118,4.097806624,12.20997971,125.0443905,1.33601526,0.647730799,0.468775425,0.735111693,12.4982744,29.30995741,90.85953737,7.656965967,233.3099502,55.19167792,23.29560583,2,2,2,3,0.000507789,0.921199567,0.078292645
4,PP,0.610995548,3.424893775,2.408514854,2.050376857,28.93777192,1320.625791,1.2758742,0.54565797,2.559727626,3.807314626,11.85562064,4.711157877,7523.272836,15.33210873,984.7554627,68.16861218,25.78343152,2,2,2,3,0.083395357,0.637843891,0.278760752
3,PP,0.072291922,2.243755084,0.760595683,6.112040097,2.732717825,157.8172082,1.601718293,0.165140904,0.832609891,1.044955688,2.459900946,16.53853824,309.7895795,27.76346221,236.6508558,53.40255236,23.32089796,2,2,2,3,0.000611485,0.875030767,0.124357748
3,PP,0.087284065,0.490778978,0.53715004,3.63685984,15.45725234,163.4608803,1.508995986,0.31537809,0.138694116,0.794958073,8.066572218,18.98264471,1252.454049,28.16483112,275.6329475,52.68240157,23.52951069,2,2,2,3,0.000514085,0.878666609,0.120819306
3,PP,0.080728053,0.986879895,0.938594577,0.722694904,13.0243112,212.1245877,1.406936569,0.792371561,1.171642636,0.924309418,9.32904136,23.44657106,3167.829322,19.23438172,357.3342157,51.40292836,23.440817,2,2,2,3,0.000699302,0.841806505,0.157494192
4,PP,0.211247537,2.403299825,5.171803808,13.62986842,25.09057944,1275.111368,1.451511655,0.617620832,6.168406985,10.54845493,29.49419673,0.642218744,4443.883103,21.296583,1078.115146,67.62389616,27.00063861,2,2,2,3,0.099951994,0.682215586,0.217832419
4,PP,0.47433994,12.17048447,4.362487311,0.904589636,31.360517,590.515622,1.333110934,0.166564192,6.740778717,8.947699558,4.43099974,0.302302024,7397.912913,21.21358838,317.2171255,68.68737421,28.85256301,2,2,2,3,0.007885626,0.265928163,0.726186211
4,PP,0.075022067,1.054956675,1.150877609,16.20876253,23.39520603,509.2332513,1.287548467,0.546195235,0.916071809,10.31632552,29.07838097,1.639719328,7778.427763,34.76949102,1142.757599,66.6371591,25.77739995,2,2,2,3,0.040828289,0.60912849,0.350043221
3,PP,0.089061576,3.396657609,0.546168135,7.322978447,2.95148953,46.24352947,1.235386669,1.211055845,0.780269843,0.788966422,1.053198449,23.96354217,2582.019524,7.103195073,233.2324511,55.08578849,23.55359772,2,2,2,3,0.000569932,0.916998342,0.082431725
1,PP,0.226177082,0.037933777,0.539377118,5.516553334,22.14134038,1676.213237,1.264295263,0.14,5.38131486,3.021370464,0.191666244,0.103625695,3320.082165,7.475059459,261.7878554,41.75460371,13.17001963,2.595691904,2.448861485,2.937164424,3.700758407,0.000499858,0.959373419,0.040126723
4,PP,0.061976616,15.83527575,2.506787815,8.162729014,24.69492863,1463.485492,1.416798822,0.156753008,5.017192869,10.9072095,17.13361046,1.227309316,5523.91707,24.7983704,1397.503541,63.63703715,27.89345887,2,2,2,3,0.066565181,0.677522903,0.255911916
2,PP,0.04017116,0.03,1.600428649,2.207764064,18.97186868,27.53271165,1.304432276,0.162636445,1.233519811,2.30036643,0.152066725,0.612235126,12462.96379,37.31094652,441.9126157,56.97741224,28.45715493,2,2,2,3,0.00066884,0.966896721,0.032434439
1,PP,0.40489376,0.035878615,1.613323742,11.36299309,2.812219005,909.128288,2.00560241,0.14,6.798824215,2.026849663,0.184035502,0.095768364,2221.177278,8.948552594,148.201014,13.70962592,15.55308771,2.684877905,2.614848914,2.534352649,3.85361003,0.000278723,0.952266661,0.047454615
3,PP,0.032411631,0.361959766,1.14038281,3.46534061,2.760545055,101.101776,1.612010347,0.194473864,1.467598849,1.058488774,14.41643685,18.0553893,2317.908537,9.843068095,104.2126046,52.97778911,23.39673464,2,2,2,3,0.000573389,0.913849413,0.085577199
3,PP,0.138597449,3.880626324,0.970344774,4.402154899,3.864391065,218.2272108,1.604164554,1.063378113,1.10941248,0.857662451,17.80700844,32.83935874,2974.004667,24.38166154,231.0762983,55.11767597,23.43172553,2,2,2,3,0.000565816,0.943284436,0.056149748
4,PP,0.130398179,10.81045102,4.690213467,4.334887455,23.92743179,371.9259238,1.256635424,0.668165336,2.71912923,2.142148855,12.97636391,3.519813996,6770.801036,12.48796043,2431.335493,67.61913446,25.52185149,2,2,2,3,0.098155583,0.614577815,0.287266602
3,PP,0.086797634,4.306642734,1.10158796,2.158787738,8.187112786,220.0641482,1.386388295,1.001864871,1.281196495,1.040284862,1.94092967,10.09367977,976.1682446,24.50702152,377.4668498,50.99604914,23.47202171,2,2,2,3,0.000516857,0.941380535,0.058102609
2,PP,0.03720708,0.03,0.761021016,2.089443005,106.0741384,25.58128273,1.447106532,0.183643723,1.365996151,2.86149113,0.324503883,0.326233683,8632.005143,12.77851037,188.2751246,56.53545098,27.5625015,2,2,2,3,0.00057893,0.838445722,0.160975348
2,PP,0.17425735,0.03,0.486076782,1.165204798,93.42908541,23.0870676,1.207011822,0.21640335,1.62988477,0.959478632,0.186537229,0.899626522,12693.72413,6.930725461,308.7228011,55.50084289,28.58376527,2,2,2,3,0.000546002,0.834281992,0.165172006
2,PP,0.075640911,0.03,0.268355411,2.19233061,39.42351302,7.17502801,1.367411182,0.149786472,3.499105481,2.62778805,0.31541623,0.591495463,8846.046976,42.03029694,296.5444586,55.3931627,24.57739218,2,2,2,3,0.000662739,0.906471092,0.09286617
1,PP,0.166259082,0.043486265,0.534976089,12.36914448,1.705168102,519.0434099,1.912019192,0.14,3.196901145,3.530972574,0.134384956,0.098878883,652.901923,9.918910448,169.3448795,13.12526971,17.40994646,2.27336192,2.520053904,2.269018155,3.917011416,0.000184486,0.962891541,0.036923974
2,PP,0.152899687,0.03,1.111595489,1.852171017,1.087749,29.7134804,1.239873942,0.171602913,0.897827598,2.348773689,0.347887254,1.034657276,8007.267987,9.688833694,330.6688095,55.04582519,27.27119112,2,2,2,3,0.000601483,0.857457862,0.141940655
3,PP,0.14465154,4.320827821,0.721089764,5.820625594,10.9362627,163.4635918,1.171865276,0.538280219,0.886547818,0.769725721,17.451762,30.40105175,2365.748825,23.01392413,41.01386589,50.42723312,23.33285964,2,2,2,3,0.000515781,0.861649437,0.137834782
3,PP,0.112967769,5.552385127,0.535975285,4.021375877,13.82448439,12.15632112,1.251316658,0.45399973,1.465125941,0.935623293,8.204217222,16.314022,169.8298256,19.894531,162.7519623,54.8769752,23.50859456,2,2,2,3,0.000640963,0.91318506,0.086173977
2,PP,0.164869732,0.03,0.50095515,2.743628791,161.8937835,10.09918027,1.170906577,0.179028067,3.22215777,1.772280478,0.183937234,1.069847163,8456.898486,7.626053999,309.4417183,57.7852105,28.56719998,2,2,2,3,0.000592007,0.983440349,0.015967644
3,PP,0.10806629,3.928173391,1.101210338,5.759471783,9.530016036,82.35660194,1.420694867,0.661481161,0.36125205,0.847114665,14.90747553,20.81468298,1036.733922,15.34025087,197.4734362,53.72559401,23.38799706,2,2,2,3,0.000532248,0.851474355,0.147993397
2,PP,0.289801813,0.03,0.928284331,1.683311954,8.76421757,17.37905546,1.439181189,0.175375709,3.026556857,2.68402769,0.332733978,0.916837826,6280.285229,56.28439423,111.6143746,55.46265507,25.45739208,2,2,2,3,0.000598089,0.849575311,0.149826601
1,PP,0.362999797,0.040724314,0.930892195,8.144348743,3.837734065,1419.620645,1.349666506,0.14,4.241411246,3.337083687,0.195304953,0.101472593,3119.425956,7.233427839,119.5830112,11.96678023,18.07357863,2.689494682,2.281524247,2.324290043,3.797399007,0.000485055,0.951318622,0.048196324
1,PP,0.336023424,0.030558914,0.464001777,7.108657269,14.6676278,1140.987867,1.770007752,0.14,7.987715744,4.311956041,0.164978677,0.124444831,3250.229361,8.729011793,237.0494697,16.29978458,14.75935547,2.861536632,2.75083605,2.396789957,3.799997525,0.00039476,0.962224307,0.037380933
4,PP,0.647874145,1.937155795,1.097690265,2.284117103,27.3139876,1059.054093,1.281614249,0.520503872,4.336817207,4.842392132,41.91222732,2.750923151,4544.675592,30.43025793,426.1546304,67.88604272,26.27321687,2,2,2,3,0.03072416,0.62318212,0.34609372
4,PP,0.351750975,4.541877745,2.510080365,2.99376774,27.26082212,689.384764,1.3976374,0.451846547,9.003143933,8.088200062,8.012533288,5.213902868,4593.178211,29.0418466,1007.669036,66.60936705,28.1142473,2,2,2,3,0.03526885,0.069555745,0.895175405
2,PP,0.16670942,0.03,1.744584257,0.749529302,159.9519688,26.74106721,1.253037493,0.1661959,1.457560268,1.970597742,0.398043609,0.226410429,11096.67365,51.2080725,110.7043749,56.56708169,26.84431401,2,2,2,3,0.000567179,0.818079361,0.18135346
2,PP,0.137849527,0.03,1.051782643,1.277078811,91.90601805,30.48989246,1.279162217,0.19335037,1.820136722,1.556160327,0.174856519,0.879774735,2720.955523,39.59574529,310.7874758,54.79153588,26.01699184,2,2,2,3,0.000525729,0.88968752,0.109786751
1,PP,0.193043028,0.037238335,1.690376091,7.552070837,1.387422088,1111.498751,1.899577893,0.14,1.541102993,0.67174246,0.191982773,0.178805772,3364.907809,8.630705688,67.28776409,30.2166264,16.85127294,2.69430609,2.574456006,2.60600731,3.836347707,0.000497364,0.996230354,0.003272282
1,PP,0.104196712,0.03735704,3.785498643,14.69801691,6.920875707,1644.981488,1.240001453,0.14,5.886349485,0.951414877,0.201568551,0.147246244,360.5537434,9.33490492,282.7742707,30.8844516,6.678892863,2.398136532,2.485382263,2.818863624,3.685969467,0.000328879,0.962815849,0.036855271
1,PP,0.115387898,0.041394927,3.6046033,6.4410618,4.172604016,662.3353106,1.432418035,0.14,7.743210832,0.811270292,0.170701098,0.110325572,3831.562451,9.68597471,273.2238041,24.02293239,16.60308002,2.355199664,2.799906716,2.884669127,3.770019823,0.000439918,0.97573216,0.023827922
4,PP,0.087737992,2.717823885,0.283502648,29.11295583,29.84034341,749.866619,1.346667496,0.222258666,2.394165354,6.577598846,7.726297145,4.84023708,1955.334093,19.64930028,847.3383089,64.54863206,27.55592003,2,2,2,3,0.046664004,0.086548828,0.866787168
4,PP,0.386437017,0.326912498,5.414356424,1.657535485,20.42098754,1041.00107,1.37021093,0.52155415,4.093647012,3.602209017,21.93445786,1.608224316,7271.934202,15.10241074,1604.609291,69.89230333,26.75668063,2,2,2,3,0.071001747,0.480607164,0.448391089
4,PP,0.539019066,1.626791499,4.885670198,15.61941859,17.05131245,1502.456325,1.473590873,0.687820295,4.710068354,9.457003359,1.785223499,5.001839896,5315.607291,18.49458535,2384.526837,63.17330596,26.23041113,2,2,2,3,0.040610077,0.167428806,0.791961117
2,PP,0.300213601,0.03,0.275075798,1.855705645,150.3419127,17.8417437,1.425674178,0.160765172,2.109788996,2.673853584,0.216059455,0.202989772,8231.05842,13.48026214,295.7629201,54.8363533,26.95915148,2,2,2,3,0.000510383,0.962311832,0.037177785
1,PP,0.051099165,0.039911104,0.845331984,17.9354077,15.55891242,1488.796335,1.319665442,0.14,1.268811,1.619190495,0.156044827,0.158409445,2134.753467,9.570010908,141.7542762,12.47157025,9.868518763,2.763820727,2.624369507,2.850186697,3.684592898,0.000124001,0.977708437,0.022167562
2,PP,0.174089566,0.03,0.365769356,2.645129201,52.09089561,20.82699746,1.22835369,0.165766542,1.258761275,2.901394047,0.270674476,0.414001378,3507.523802,30.30381236,174.6479281,55.37054141,27.32396682,2,2,2,3,0.000582345,0.982197885,0.01721977
2,PP,0.282688019,0.03,1.324212339,2.986918299,149.6296755,5.772521364,1.290264613,0.159562455,2.507098311,1.887125284,0.386716559,0.815190811,1405.987315,24.78307291,252.5795051,55.67169854,28.76934226,2,2,2,3,0.00056379,0.886441008,0.112995202
4,PP,0.633068985,13.17175596,1.040082673,3.336741971,5.211696037,648.1448386,1.489589821,0.601828454,1.05953329,7.400067178,7.760937852,5.379843251,5902.629348,17.87294566,1565.745755,70.34000191,28.46574744,2,2,2,3,0.080508491,0.630852788,0.288638721
2,PP,0.311493743,0.03,1.69459336,1.559635779,19.65935762,28.18605579,1.350831927,0.165768781,1.132469,2.078240566,0.170469259,0.74213409,7978.17468,20.95400913,187.0596515,57.6375562,28.31209862,2,2,2,3,0.000547193,0.949719632,0.049733176
2,PP,0.155724745,0.03,1.242559891,1.606815898,48.00944966,15.3064399,1.408702768,0.170791942,3.047880135,1.015459049,0.210209677,0.997499736,7699.090986,28.33390621,101.6519132,57.39605926,28.39836571,2,2,2,3,0.0005047,0.828582396,0.170912904
2,PP,0.205835354,0.03,1.547583254,1.841601381,8.394059016,28.08682353,1.318993096,0.168696714,1.30777682,1.048358131,0.200419547,0.433931295,10096.05327,7.595431455,129.5317167,56.18818741,24.48490539,2,2,2,3,0.000691226,0.919646442,0.079662331
2,PP,0.265710577,0.03,1.78491459,1.427667879,90.36716143,31.17964066,1.34465617,0.210931531,0.536895295,1.643094674,0.339504803,0.608197322,4954.331356,34.41248289,162.2346512,57.71175391,24.37798189,2,2,2,3,0.000569835,0.803267722,0.196162443
3,PP,0.071243175,5.202420248,0.66389624,2.543211369,4.595882317,40.55519403,1.172589025,0.562549709,1.464417833,0.741110522,0.543992931,15.78321616,1235.268886,29.67599315,363.0775966,54.89126567,23.43860246,2,2,2,3,0.000614734,0.839030424,0.160354842
3,PP,0.116157257,0.670504133,1.063351808,1.95584089,1.880085938,80.61079934,1.415015484,0.665859438,1.752206061,0.903266018,5.262906749,1.544408521,2612.256902,30.88958957,295.1200706,50.45913078,23.31827497,2,2,2,3,0.000508716,0.856317074,0.14317421
1,PP,0.333445873,0.045873836,1.251133118,0.896608959,15.53233485,1321.062741,1.220645652,0.14,1.01272591,3.739177807,0.134480319,0.160873532,2007.991753,7.745470648,151.2652617,19.06949192,28.02501061,2.884352438,2.700581064,2.509616987,3.80772787,0.000440043,0.964619644,0.034940313
2,PP,0.221923058,0.03,1.735267938,0.54246652,36.83997196,10.06518694,1.250121434,0.142628778,0.89109708,2.071123781,0.368510582,0.846715317,9431.077341,26.57048771,167.4608383,56.88117147,26.72024219,2,2,2,3,0.000559842,0.938668392,0.060771766
1,PP,0.32814646,0.045081234,4.186957756,14.35767792,9.971870389,1386.988426,1.514267395,0.14,4.965810377,3.772714814,0.192681003,0.141438313,2578.184485,8.846604902,240.8783103,13.91276432,9.12914719,2.316214419,2.845923838,2.254940429,3.795763729,0.000298293,0.973081313,0.026620394
1,PP,0.232842087,0.043948962,2.863745881,16.00082684,20.9662761,258.4500005,1.248062131,0.14,2.226045622,1.29474992,0.219385733,0.099849903,851.4166998,7.67455947,268.2703338,13.31359706,21.95211946,2.376561545,2.321378394,2.450332189,3.769679467,0.000123234,0.992985493,0.006891273
4,PP,0.286553318,0.650910158,4.141053403,27.72681169,12.49808144,1490.481385,1.226386773,0.65419059,6.412432166,5.586297129,14.28298751,4.70255993,6813.614001,29.21591546,564.0955252,66.35711618,27.53828531,2,2,2,3,0.058868823,0.183902882,0.757228295
4,PP,0.042697098,0.092291942,1.703258964,19.54061041,7.825009923,605.3154731,1.487789885,0.206535844,8.586117435,4.293891335,1.360691166,2.166814419,6412.368673,15.76151338,1234.191056,67.09228619,25.64279194,2,2,2,3,0.069332669,0.274603923,0.656063408
3,PP,0.04783294,3.845247782,0.749896708,6.307313657,8.128528328,119.524533,1.221959337,0.904957388,0.253053758,0.942033152,3.599470399,13.05172218,688.1023821,7.203621454,338.0353185,53.60989458,23.47770083,2,2,2,3,0.000634865,0.809211304,0.190153831
3,PP,0.087818714,5.585837342,1.239278354,6.147378173,3.485325952,199.211693,1.242205493,0.671752601,0.425175645,0.703650456,14.90942238,16.07001294,2362.757513,31.18921856,73.23951677,51.35648702,23.35949142,2,2,2,3,0.00050424,0.919535458,0.079960302
3,PP,0.093354994,5.161482144,0.617053854,5.662811743,7.285154824,128.1827699,1.547733302,1.121635538,1.539980097,1.09755552,4.757042027,2.725001658,3065.405287,32.17607647,224.0621494,51.40304566,23.51987799,2,2,2,3,0.000622449,0.831783852,0.167593699
2,PP,0.112540448,0.03,1.503974148,1.468061652,76.65786123,19.90335302,1.304080006,0.157647485,1.756243664,2.016420618,0.217640058,0.182583893,4808.085113,53.20655018,318.8926623,56.36312931,25.20494854,2,2,2,3,0.000605614,0.823690168,0.175704218
1,PP,0.122264087,0.037084881,1.463739156,8.156066129,9.040065719,966.8072562,1.417819805,0.14,1.582447161,4.356730036,0.159351331,0.129371461,1016.869135,6.958369771,277.9958357,32.34798498,24.44255711,2.649969156,2.482775991,2.258232944,3.674382066,0.0001029,0.993622759,0.006274341
4,PP,0.063854912,6.537667231,2.169056036,22.94208781,12.9539851,1219.256602,1.389013049,0.212430352,5.011646948,0.618491057,4.517105112,1.874809475,7336.508957,11.87001259,1976.437539,64.37376199,27.85745148,2,2,2,3,0.082604556,0.096385516,0.821009928
3,PP,0.047243881,5.537482385,0.968637768,5.264087844,3.460796373,162.301507,1.493159449,0.830484316,1.122069187,1.072905449,10.01918165,18.7888463,1968.525552,25.07867373,142.2234415,52.53434196,23.54464322,2,2,2,3,0.000535731,0.805016441,0.194447828
3,PP,0.085378258,1.750260198,0.638046228,4.810967106,8.730010098,53.28796941,1.233172398,1.054523853,0.709034619,0.77140994,10.97125508,18.40598791,2091.383823,12.228247,335.5102881,54.93523293,23.47787131,2,2,2,3,0.000548895,0.908203977,0.091247129
1,PP,0.312401148,0.039102358,2.113803785,4.520403742,19.60292084,2124.243971,1.966969494,0.14,6.595881699,0.962324891,0.143690116,0.161573536,2433.916583,8.941511562,92.5814593,37.22529814,15.9595596,2.409312733,2.399078937,2.300733262,3.738554704,0.000181104,0.985310095,0.014508802
3,PP,0.12936084,0.038887036,0.784183109,5.357291225,10.82446444,187.4705359,1.372954519,0.825297792,0.833724813,1.077977669,1.03252183,11.98806652,3426.209501,25.5025694,229.2265528,53.28606543,23.38745058,2,2,2,3,0.000521409,0.883577986,0.115900605
3,PP,0.101254308,0.291337735,1.001924559,4.441496562,18.33180799,40.64394211,1.437646533,0.457354186,1.548449674,0.682166698,14.51812011,19.62568549,2147.875177,28.35501917,270.4374395,55.25176496,23.55608105,2,2,2,3,0.000549345,0.866839583,0.132611072
3,PP,0.132355508,4.533914718,0.610093882,1.384041651,6.132623776,75.39216583,1.579283786,0.553478005,0.141174226,0.811948343,12.36001718,13.30314148,2541.202541,30.19032551,352.5356422,50.91277557,23.33349198,2,2,2,3,0.000502478,0.910008909,0.089488613
1,PP,0.392585642,0.038105189,1.685292012,2.256697793,0.750648641,590.3878702,1.615354347,0.14,6.5096166,3.090416989,0.138712644,0.176003505,1318.974856,9.691896271,181.684012,9.797994374,11.18133156,2.86148929,2.432927349,2.849303773,3.69752078,0.00029049,0.974431513,0.025277997
3,PP,0.103978748,0.355240065,0.591473536,5.976890114,18.88765723,15.92506978,1.185427021,1.221523694,1.575177848,0.705526574,18.33283333,24.80965178,2467.090784,7.827713066,121.183467,55.28968209,23.43428032,2,2,2,3,0.000672566,0.847601474,0.15172596
4,PP,0.678846055,3.718947085,0.227936493,10.08293912,11.96131711,1407.927897,1.208164639,0.637681533,3.066594573,10.32815869,38.30362687,3.271452877,7043.089474,25.20029838,1865.063773,69.08685459,26.9168762,2,2,2,3,0.010446345,0.497474171,0.492079484
1,PP,0.144589789,0.037312235,2.519805515,16.56151604,20.72933708,1614.340297,1.217838702,0.14,5.918725905,4.970342549,0.229108086,0.159709139,1057.850989,7.721941143,167.1168352,36.65301177,19.71964956,2.43177142,2.436893621,2.757901754,3.658962887,0.000132665,0.987899304,0.011968031
4,PP,0.110244517,5.514862616,4.393594492,4.338633287,10.06824176,543.688438,1.357364352,0.325353214,3.780095411,10.42009986,39.20335224,3.546506946,5559.637576,10.74378728,703.6753723,66.43936597,28.29524999,2,2,2,3,0.072958685,0.579911299,0.347130016
4,PP,0.083675699,13.28630008,5.157869436,26.73003945,5.762700673,1010.805661,1.213529276,0.14552368,4.861103295,7.736475207,26.24543641,2.458494858,871.1961145,23.15804537,1739.673516,67.85017513,26.56999767,2,2,2,3,0.053884047,0.500646046,0.445469907
3,PP,0.102735506,1.849409259,0.636332128,2.705535545,9.81591435,190.4437506,1.448501757,0.448912762,1.760955624,0.959171474,7.905560561,31.40423722,37.58798795,7.662831427,130.7954561,51.18012614,23.47710838,2,2,2,3,0.000530822,0.897461321,0.102007857
4,PP,0.572170019,10.81817668,4.200474183,4.410334265,2.833281358,76.46341272,1.394487651,0.653696183,4.168311094,2.022785311,14.16333317,2.794819721,2199.078728,23.16429608,104.7965322,67.85486563,25.84270775,2,2,2,3,0.08461821,0.031446975,0.883934815
3,PP,0.128455275,0.293504585,0.596186218,6.082991049,18.50299854,131.2679494,1.301305514,0.582798729,0.69018893,0.925977021,9.998160694,10.38775242,2225.58797,16.45821233,145.9753467,54.18379818,23.45271108,2,2,2,3,0.000626702,0.815941792,0.183431506
2,PP,0.121153956,0.03,1.202858935,2.878646527,95.57891811,31.60947332,1.273403919,0.186761754,1.522595576,2.485301668,0.301258455,0.795028793,11026.9161,29.54886753,138.0253179,56.71360434,25.5600175,2,2,2,3,0.000565831,0.824869231,0.174564938
4,PP,0.244657542,5.937705303,4.090924798,23.48397927,26.91416919,156.2720765,1.222079565,0.413780108,1.997621175,6.799683246,22.882103,5.66068639,2051.536928,24.82679512,1502.269888,64.35083137,28.41904319,2,2,2,3,0.003796398,0.505142704,0.491060898
2,PP,0.08968852,0.03,1.478040771,3.146663511,135.4083379,33.47343223,1.234010853,0.211625389,1.577660309,2.61581446,0.15112968,0.363836512,1486.703206,27.81633008,274.9016882,55.71927792,24.77964016,2,2,2,3,0.000567736,0.913128484,0.086303781
3,PP,0.106201474,1.638846514,0.714384345,2.370519758,12.16877318,139.4832432,1.388986722,1.072407323,2.062685028,1.135562282,13.19018543,10.6922471,922.0708606,11.09799236,87.95705939,54.53111641,23.35990949,2,2,2,3,0.000582012,0.855363236,0.144054752
1,PP,0.033827452,0.031679127,3.802583761,11.98175585,21.35512419,883.3996801,1.544117157,0.14,7.083214587,2.716145089,0.16882604,0.158043739,510.03298,10.30221202,58.94730401,39.26762034,25.34868396,2.472257282,2.779953654,2.477288542,3.758978066,0.000495574,0.991463278,0.008041148
2,PP,0.201493584,0.03,0.869374476,1.666658389,59.48261943,6.089432388,1.399306142,0.157314935,0.619531727,2.825723961,0.360236722,0.747780601,11792.32121,38.72043076,145.2242879,56.78513463,25.97743921,2,2,2,3,0.0005561,0.931014969,0.06842893
4,PP,0.253201534,7.684555691,2.345974322,10.11596104,16.04479566,1041.151196,1.472782861,0.645631998,0.880201727,5.489458327,24.33248236,5.081394271,5219.243768,34.13059449,1866.189264,64.1562665,25.78747,2,2,2,3,0.034663745,0.405862895,0.55947336
4,PP,0.177607571,15.40331751,3.503109914,4.722154656,28.86346383,1048.725146,1.462121785,0.367948184,8.235409255,10.7996316,33.77054783,4.491429563,1131.974172,35.06312342,1500.008008,71.03649779,25.4568833,2,2,2,3,0.057244948,0.664920945,0.277834107
3,PP,0.06549089,2.438128137,0.679866371,2.706833222,13.47812441,171.0845962,1.368426449,0.6378723,1.712260088,0.68962805,13.3509005,30.28691537,2694.983956,20.9331383,113.5902034,50.8991733,23.3078352,2,2,2,3,0.000537081,0.853113183,0.146349736
2,PP,0.135496805,0.03,0.476069458,1.903303629,111.5690923,5.570708477,1.220367668,0.216652067,2.289456026,1.571448536,0.203147894,0.60170668,691.8267062,7.038869108,293.7374191,57.72467118,28.30098835,2,2,2,3,0.000633041,0.802457341,0.196909619
3,PP,0.05971754,4.572981695,1.044352389,6.930418902,9.132804364,217.0152129,1.286625742,0.209054039,0.391277939,0.999992693,11.81934388,32.95044167,2814.06057,9.182156831,313.2452425,51.52546519,23.38518561,2,2,2,3,0.000678247,0.939538368,0.059783385
2,PP,0.153418148,0.03,0.456931275,1.428447429,56.72373591,16.49821601,1.319694254,0.182032202,3.524200083,1.569028609,0.222547171,0.931995932,7927.257983,10.7250118,156.4518761,58.38980505,26.82394161,2,2,2,3,0.000527472,0.821003012,0.178469515
3,PP,0.104417319,2.103778555,0.433287432,2.294523817,18.81962309,160.0251363,1.548477624,1.001448226,1.638923505,0.747169211,17.03360777,4.711580229,3268.731952,30.93429519,349.1207576,54.67607194,23.37887562,2,2,2,3,0.000617425,0.851081087,0.148301487
1,PP,0.144690828,0.042855737,2.222764614,5.402321604,5.486037187,264.2073584,1.876193528,0.14,1.996905352,4.858375537,0.226031748,0.165650705,2775.400771,10.40703071,293.3200772,22.06909341,8.756862196,2.541452616,2.795431735,2.627042348,3.646752548,0.000121764,0.991481525,0.008396711
1,PP,0.387847547,0.042138354,3.649016489,7.529918739,21.36793423,1353.948137,1.35290129,0.14,0.479644262,3.170604378,0.149032895,0.110736567,3486.089101,8.635435751,69.3033859,18.90582045,23.51879212,2.761662595,2.58559068,2.711567172,3.8745274,0.000252569,0.984449829,0.015297602
2,PP,0.135459249,0.03,1.479167749,1.878058876,146.5092513,26.60715139,1.251554696,0.192577246,3.098768587,2.722760783,0.380428443,0.626476333,9791.939732,63.65890545,406.3153739,58.23450566,25.14633291,2,2,2,3,0.000670629,0.969352421,0.02997695
1,PP,0.153162806,0.045001003,2.750629056,9.632659543,10.11527143,698.4466181,1.473089761,0.14,6.832283673,0.683978735,0.165764963,0.100713392,2342.183126,7.104696047,87.15020725,30.13131909,27.99204925,2.380115153,2.772441453,2.743634168,3.719588527,0.000127959,0.967936688,0.031935353
2,PP,0.241734663,0.03,0.868912318,3.261867513,19.31609236,16.41533205,1.257269163,0.206064145,2.045987763,2.741322845,0.130085319,0.658682512,8195.723041,7.36087114,134.697501,55.84151271,26.42204394,2,2,2,3,0.000529698,0.901431928,0.098038374
1,PP,0.234894763,0.04254826,2.787998829,5.317332671,25.46348737,1155.680032,1.86327287,0.14,3.442138278,5.794812298,0.145418874,0.178087021,2016.498024,9.695635306,289.1449534,14.51365047,19.92033413,2.732612279,2.515111905,2.448220003,3.903039746,0.000473061,0.953783872,0.045743067
1,PP,0.311335748,0.04584733,4.124308855,11.6393544,12.55091592,201.8553824,1.436403995,0.14,1.627412137,1.092606685,0.215865056,0.164954595,1758.601857,9.189461794,181.3041843,36.5600125,22.7595452,2.436656165,2.619156608,2.674825232,3.86322392,0.000132184,0.98719246,0.012675356
1,PP,0.304205034,0.047844096,1.144306744,8.044272765,10.34404102,1195.641404,1.356141592,0.14,6.293975123,5.403376776,0.135955334,0.106863195,2452.056612,9.055269656,163.5288003,41.49969883,11.08288954,2.294020386,2.753973571,2.637308063,3.882700738,0.000329246,0.977010279,0.022660475
1,PP,0.151675555,0.033330719,1.648867191,9.181463149,14.05952097,840.5787775,1.645502326,0.14,1.002366777,1.786622276,0.174317718,0.094140846,3067.395767,9.690750867,274.8887743,41.2593132,8.363312992,2.335559426,2.693185532,2.500314011,3.924178104,0.000105995,0.957127317,0.042766688
2,PP,0.12459342,0.03,0.685077289,3.087774559,74.0090952,16.72747066,1.427076737,0.144304598,0.268989196,0.991275956,0.310296942,0.096594508,10404.04831,39.23313109,377.9026153,55.6589842,25.49032725,2,2,2,3,0.000565725,0.96963293,0.029801345
1,PP,0.093094536,0.031317425,2.669285226,8.836896398,9.500364419,1051.524685,1.332196132,0.14,6.474530412,0.833514508,0.133977223,0.128695812,3321.956218,6.83860574,84.6812802,26.59354741,16.43080119,2.491971925,2.469534713,2.530645802,3.64355728,0.000166296,0.957050317,0.042783388
1,PP,0.091943892,0.036879188,2.439046962,12.29872134,10.12996445,1072.27206,1.689005994,0.14,6.441807857,3.839259488,0.222445312,0.16797636,2771.849492,9.893757669,229.1115165,38.73437504,19.0401874,2.812933657,2.57751875,2.435686952,3.77851181,0.000351323,0.995649646,0.00399903
1,PP,0.321809275,0.032385789,4.097238502,13.90908008,13.22525249,465.7535225,1.794462546,0.14,7.173310549,0.892508806,0.215205184,0.165059974,3332.736686,7.694984201,77.59629582,36.00544475,16.92876684,2.830732542,2.84766289,2.524902664,3.643653486,0.000183509,0.989107232,0.010709259
4,PP,0.396922268,6.886110885,3.599686056,15.17411132,13.77947493,65.66002315,1.360759258,0.280257584,8.517879487,2.603141662,24.80666914,4.082264039,7234.010277,18.49802831,1447.80843,70.27635459,25.844279,2,2,2,3,0.081004071,0.096499359,0.822496571
3,PP,0.146148613,1.464708423,0.796615217,4.235921744,21.39892672,10.5344727,1.290024512,1.104316615,2.178261438,1.148483609,11.04030531,20.40925499,2778.163908,31.73191709,198.5155714,52.84677138,23.33236495,2,2,2,3,0.000567254,0.948745964,0.050686782
3,PP,0.07542462,0.473793868,0.560425745,6.034891104,13.61961259,122.3035542,1.173721839,1.209829623,2.169491376,0.899061248,3.905861178,26.75870516,1387.888724,11.13559769,217.1090013,54.13593245,23.45353527,2,2,2,3,0.000660664,0.83627961,0.163059726
2,PP,0.095780518,0.03,1.285537692,2.260843966,104.003814,19.36173921,1.213184135,0.218248068,1.728759603,1.878763674,0.193674647,0.717996748,12460.56174,45.77084245,226.5399708,55.2464813,28.63807479,2,2,2,3,0.000585457,0.883594194,0.115820349
3,PP,0.071990243,5.324214204,0.507859522,4.466836902,2.335637238,201.0684145,1.265850739,0.393975405,2.102360766,0.856824083,4.435626122,23.11574994,1945.613976,30.61741474,207.4565556,53.80166382,23.37886442,2,2,2,3,0.000589431,0.84446412,0.154946449
2,PP,0.2178317,0.03,1.331396657,0.934788802,131.0658395,27.73934816,1.277343868,0.160697605,2.895277567,2.953462455,0.18479865,1.002767409,4756.941585,21.85108483,188.5229419,57.6548093,28.6920444,2,2,2,3,0.000537595,0.829639303,0.169823102
4,PP,0.33028825,3.330805613,4.442364809,17.28091159,17.20403972,1361.339791,1.464761928,0.469653306,6.491614071,6.52032542,11.42012625,4.903836206,1133.020534,25.28164188,239.3377711,62.47523589,26.38075521,2,2,2,3,0.043971953,0.537392578,0.418635469
1,PP,0.177945981,0.032531413,2.363212444,12.55542189,19.44312756,1845.774458,1.328235331,0.14,7.73030064,3.055204704,0.15126316,0.132541001,3447.534889,8.66491849,223.6471688,11.57406201,19.0598636,2.46335392,2.606780982,2.542076083,3.883730248,0.000160555,0.990497101,0.009342344
2,PP,0.193311826,0.03,1.16853161,1.090341728,75.23083896,7.858299288,1.219964464,0.170847488,0.548235997,1.523270191,0.396717115,0.591548494,3765.353035,61.3316402,205.8293156,56.29661415,28.81426222,2,2,2,3,0.000634218,0.83920037,0.160165412
1,PP,0.170924511,0.031706542,1.77029868,10.18474818,6.553981192,518.6538316,1.816503743,0.14,5.303021975,2.057270014,0.189807372,0.170565602,3515.557151,10.37955678,182.796368,9.967693708,8.224656135,2.318046672,2.837650009,2.941714154,3.790341035,0.000309521,0.964204048,0.035486431
2,PP,0.188309805,0.03,1.786359441,1.380972244,106.7120626,15.98369343,1.427973373,0.17335541,2.268216718,2.825747115,0.350160615,0.831649178,5097.803157,37.33965343,111.1074159,55.17387015,26.46334001,2,2,2,3,0.00059148,0.919720469,0.079688051
4,PP,0.625516435,2.899583595,1.383369741,3.281615384,11.57440595,408.7895775,1.343369533,0.209581614,4.642839926,5.221246051,6.315270435,2.114596121,6551.894572,20.85759735,1943.264671,69.96630484,28.51823293,2,2,2,3,0.027809239,0.77611533,0.196075431
1,PP,0.376393404,0.039181879,0.309518332,5.82645781,22.23995991,838.0408924,1.832430354,0.14,4.792387955,5.796431738,0.144025436,0.173353457,1216.966164,8.941968691,109.9947139,31.75941171,25.73983635,2.543572923,2.64008487,2.428515599,3.76160789,0.000108561,0.95815123,0.041740209
2,PP,0.034105156,0.03,0.571241697,0.73697947,131.6335811,14.42206225,1.245238897,0.169481848,2.293028027,2.135359212,0.145095765,0.576807076,7235.873153,32.50487228,227.039408,55.97870691,24.51400952,2,2,2,3,0.000532419,0.905824235,0.093643347
3,PP,0.067512124,4.11680316,0.960079207,7.116853165,5.16670833,220.4554508,1.600578782,0.833025838,1.830391427,1.072851245,15.69986373,8.1172746,2456.793767,27.44824199,230.7826047,54.10334474,23.5728992,2,2,2,3,0.00068535,0.817124879,0.182189771
4,PP,0.587300282,12.88750215,5.900738982,29.67440258,26.69019719,179.9637081,1.236594704,0.734933954,0.832014692,3.33279101,16.09791815,3.60376473,4107.715584,12.40451559,2105.418999,68.31275362,27.6891335,2,2,2,3,0.040246761,0.039299277,0.920453963
2,PP,0.20732324,0.03,1.346396692,0.981712772,67.59600097,5.914478514,1.272505581,0.171200363,0.841703859,1.675426419,0.275434947,0.607312848,4374.400955,35.52462701,342.8569919,56.37456941,24.86525311,2,2,2,3,0.000589489,0.855678496,0.143732015
3,PP,0.047704696,0.524482536,0.692353991,3.871569383,1.910346177,21.88257837,1.19945189,1.094168973,0.907978267,1.033722543,14.33526534,31.5777244,253.54804,6.725430961,286.7757621,54.70388115,23.4879977,2,2,2,3,0.000515622,0.858743488,0.14074089
4,PP,0.420881197,14.9191725,5.872452991,5.354850748,29.45131803,777.5728059,1.43113897,0.419186051,6.866510185,4.970354928,25.90031057,0.561598123,1969.537486,32.95747593,1716.244161,66.01918791,25.68451379,2,2,2,3,0.094523283,0.333196745,0.572279971
4,PP,0.095523295,6.907560095,6.075576077,15.89586119,19.93510754,757.6745457,1.300044447,0.192308963,1.021440096,7.481505015,27.45018901,1.881195011,4800.435761,14.21439335,413.5799165,64.29562142,27.19904301,2,2,2,3,0.072320937,0.252962285,0.674716778
3,PP,0.09893661,0.148421265,0.489057346,7.191917685,20.93389019,57.01676721,1.474932773,0.350576514,1.584753873,0.756820743,3.894331226,11.69018011,2193.013636,8.109120904,274.7845245,53.61400913,23.51747655,2,2,2,3,0.000629187,0.839324061,0.160046752
2,PP,0.234647257,0.03,0.410991461,2.880839549,83.74932759,10.77601599,1.217647416,0.169622244,2.658113122,1.997332323,0.389492068,0.481746576,2180.577746,52.86556834,216.5768447,54.90678209,24.8777817,2,2,2,3,0.000611183,0.910452977,0.08893584
1,PP,0.139262883,0.035302868,1.293194445,10.00698409,7.467675773,504.3066228,1.833604096,0.14,1.77103267,4.924727168,0.157865078,0.145561485,2620.659463,9.456477992,225.5953978,19.33967449,16.17110645,2.443712898,2.806550788,2.676799275,3.839226626,0.000472297,0.969437066,0.030090636
3,PP,0.06655601,1.9663653,1.236748696,4.543192754,6.382348769,178.9420447,1.240073902,0.947359198,0.141055119,1.096774491,7.375323091,18.06112171,1377.924939,27.81466636,174.8626055,51.73572601,23.49715737,2,2,2,3,0.000668202,0.865995183,0.133336615
2,PP,0.158114371,0.03,1.517766003,1.073271499,3.794648363,27.15769241,1.330499945,0.196488564,0.383160656,2.414373291,0.196093375,0.896815841,3355.220795,46.13967144,354.0546063,55.44784956,24.55427669,2,2,2,3,0.000680289,0.939661531,0.05965818
3,PP,0.098398409,3.48116558,1.177190669,6.531801529,7.964458563,113.1651203,1.374734563,0.679393827,1.828733643,1.138428531,10.39656865,15.4015717,118.2008724,12.34452599,233.2856586,51.46259422,23.49577866,2,2,2,3,0.000523131,0.938627544,0.060849325
1,PP,0.374268237,0.047165368,2.803998686,17.63517588,17.13056551,1607.637218,1.76877299,0.14,7.89974246,4.842071837,0.200949278,0.157610148,637.0075401,7.941010772,178.5994275,9.629278472,20.71110865,2.821425471,2.799216724,2.4090011,3.878536352,0.00032827,0.956480502,0.043191228
4,PP,0.497452425,15.71408936,5.199174524,6.28389129,23.26409959,1237.479665,1.282001688,0.675324194,4.125960801,7.695625464,8.728926732,4.63490391,4794.431675,17.36309115,2109.602989,62.5486594,27.52599773,2,2,2,3,0.042414511,0.572814163,0.384771327
4,PP,0.557084857,6.883877919,3.396148535,25.88302172,28.04942137,369.6579372,1.494351519,0.15058553,8.543253963,2.050648602,16.65113707,3.235212254,5023.171234,27.40692911,1622.124154,62.41757582,26.10613035,2,2,2,3,0.073078538,0.254275847,0.672645615
2,PP,0.076373368,0.03,0.427306548,0.727774727,141.8361653,6.228660284,1.317356043,0.147390269,1.173728071,1.479697079,0.257542585,0.62233284,3525.662204,25.59654319,149.1730892,58.10157999,26.05485695,2,2,2,3,0.000560544,0.876150349,0.123289107
4,PP,0.602517922,15.56048661,2.912392222,10.93600285,19.02078709,1427.299287,1.486011942,0.589487227,7.759792937,3.184907396,30.46233487,5.785705182,6691.212347,14.93424919,651.9147217,70.41938082,25.6738361,2,2,2,3,0.005720616,0.640980214,0.35329917
1,PP,0.29612042,0.040653548,3.868015953,6.642155981,3.933830536,1171.502339,1.473539097,0.14,2.749958311,4.093119959,0.14878827,0.112596373,445.1824706,9.207998004,119.767972,40.4390222,23.98544668,2.918900945,2.716232754,2.691967599,3.915595428,0.000318577,0.975545238,0.024136184
4,PP,0.523577425,8.896986279,6.102892642,8.947005711,31.56082625,488.4623078,1.521270398,0.311535837,5.108663714,0.89288747,39.31450594,1.710911106,2887.872229,29.91181626,1256.639038,69.98498522,28.30552868,2,2,2,3,0.06568551,0.397133267,0.537181222
4,PP,0.151534914,10.04329392,0.256557481,6.296533015,10.03912903,1414.611854,1.352240222,0.190288552,1.356681506,9.903066762,20.40114601,2.890147152,4619.014858,30.02797173,1468.433786,69.70443576,25.47987181,2,2,2,3,0.010145172,0.711152008,0.27870282
3,PP,0.102806016,1.094512412,0.757005855,2.174973645,9.537477432,65.53455515,1.474550018,0.868686339,1.495101634,0.691169387,14.76992122,13.00683725,2425.654412,24.73398167,285.347582,52.41192588,23.30388556,2,2,2,3,0.000564073,0.947482282,0.051953644
2,PP,0.304946325,0.03,0.979086108,2.510982263,50.70721415,10.8218983,1.196423805,0.157012457,2.350340214,1.605797913,0.249430017,1.019712397,8627.972389,57.24123794,355.395618,55.23408641,28.09447269,2,2,2,3,0.000603388,0.803990515,0.195406097
3,PP,0.067909272,1.219635128,0.550234187,0.712778524,2.626689943,210.8044698,1.568063233,0.438172804,1.228678028,0.850462826,4.141269706,10.52667072,862.0733086,12.76973607,350.754251,51.57665602,23.5832204,2,2,2,3,0.000565418,0.864094106,0.135340476
4,PP,0.063744288,4.341725318,1.252069705,29.07131515,2.773993755,998.9285696,1.249956917,0.630110816,3.506839047,5.120219519,33.77913084,4.060633938,795.4762605,7.603297129,708.0488226,64.04851409,28.1564209,2,2,2,3,0.026320036,0.18563579,0.788044175
3,PP,0.117363062,2.679653572,0.945094685,3.740809187,12.47435891,81.21085004,1.190988042,0.349019586,1.138663381,0.808764834,2.403695585,27.32426815,661.8390925,17.66633679,129.9762254,52.19440044,23.55266516,2,2,2,3,0.000628328,0.809731767,0.189639906
4,PP,0.655876916,3.334465957,0.744069613,26.1549202,30.14790107,1037.245293,1.414066537,0.438425932,6.315265513,5.263923698,9.040421064,3.846467732,4027.278136,11.00923952,2381.464659,67.57671928,27.83939601,2,2,2,3,0.091081104,0.639929603,0.268989293
4,PP,0.660913852,5.049592091,4.531306207,22.48232822,16.67708672,900.5073939,1.183265477,0.616824768,7.472478385,5.880830934,2.093070224,0.339466727,4788.542587,16.47625199,805.2802878,67.67149366,29.0375947,2,2,2,3,0.040759009,0.029507727,0.929733264
4,PP,0.455070477,5.127174474,3.373321231,6.223191131,31.45364273,1489.99444,1.17217482,0.414045013,9.107101359,8.963915023,17.88503674,0.784805561,6319.260292,27.41505408,2251.540017,71.05281534,26.5502902,2,2,2,3,0.085455769,0.112915796,0.801628435
1,PP,0.071973368,0.032598098,0.248249477,14.74096627,7.652222627,412.3571244,1.336790209,0.14,1.224553633,1.463291703,0.161082833,0.130576278,621.1054479,7.702725009,197.9047216,12.14796611,26.08238864,2.686213341,2.334216734,2.754696266,3.778871237,0.000429477,0.96350703,0.036063493
3,PP,0.107125648,0.125394398,0.946584282,5.66373327,5.644866125,115.3677316,1.634229757,1.040520868,0.307414016,0.908386214,3.782616212,8.398755208,3522.980431,18.77102477,137.9619212,52.01522096,23.31299648,2,2,2,3,0.000523911,0.817927823,0.181548265
1,PP,0.15760931,0.03480022,2.721420169,16.86570134,27.28192547,1798.523727,1.360436932,0.14,5.060895228,2.398001041,0.132773024,0.176148982,2992.366216,9.540037297,122.9199236,14.21719525,7.656325254,2.88620371,2.704700659,2.842624162,3.859492089,0.000333133,0.969809229,0.029857638
2,PP,0.139649673,0.03,1.072220667,3.234161055,37.21455713,34.3405563,1.222409469,0.171023967,0.784213721,1.737334359,0.179214024,0.754325763,4988.128062,66.37119341,47.19235599,54.93687324,28.4777653,2,2,2,3,0.000594074,0.94690846,0.052497466
1,PP,0.043540877,0.04962137,3.042057965,11.57284721,16.11093437,1256.758504,1.477119702,0.14,3.419309802,2.493107683,0.19334166,0.110945924,292.1449014,6.769768521,66.31522069,15.60955369,26.99993677,2.459254149,2.227089786,2.434920036,3.713927405,0.000380662,0.99515271,0.004466628
3,PP,0.127108263,4.216030226,0.882411139,5.315203799,17.96249742,76.81381976,1.389161636,0.222636417,0.164515348,0.85802087,12.67073432,32.99874813,553.6102136,22.38069809,369.4926297,53.14572397,23.43725236,2,2,2,3,0.000579637,0.916146298,0.083274065
2,PP,0.280979726,0.03,0.516371522,1.708308041,140.3727725,27.4205389,1.381897776,0.156858555,1.328076618,3.015701509,0.312033458,1.010920356,8396.825475,42.69945426,262.9514127,56.40690088,27.38344026,2,2,2,3,0.000645726,0.827621663,0.171732612
2,PP,0.080652326,0.03,0.244352492,2.359120075,165.1760775,6.043853002,1.219609544,0.144671339,2.160679183,2.18690456,0.130243227,0.427330199,5720.754932,58.97322836,66.52217882,55.31613169,26.48168826,2,2,2,3,0.00065428,0.843600978,0.155744742
3,PP,0.122780319,3.490049008,1.060608976,7.277488721,19.42103106,96.1610214,1.295480751,0.522109103,2.213159615,1.016477238,2.19625946,12.27016272,788.9233158,10.33609805,297.8542346,54.88072823,23.39826566,2,2,2,3,0.000640248,0.855796601,0.143563151
3,PP,0.090095847,3.70473653,1.10654761,5.794639824,6.376340078,62.27494175,1.396710256,0.346964091,0.401181071,0.739925694,7.279305138,24.43152172,1489.24365,28.042051,112.5256093,53.57860199,23.28993058,2,2,2,3,0.000606501,0.818121896,0.181271603
3,PP,0.067098177,0.2724884,0.810527352,6.343797864,17.78659288,202.6776249,1.630994716,0.269993846,1.626149227,0.699295505,2.197399075,12.90161697,2487.939153,28.0771465,343.070533,53.00696473,23.55331758,2,2,2,3,0.000572077,0.930967947,0.068459977
2,PP,0.242415981,0.03,0.609034797,0.620279755,32.14031314,17.92077414,1.210568613,0.175885544,3.428103097,2.304278423,0.39601742,0.764665746,7665.609135,61.77530706,58.34313602,56.86101506,24.70949881,2,2,2,3,0.000514628,0.836298242,0.16318713
1,PP,0.326717067,0.04752401,3.526315055,4.443776272,9.59659808,739.5220592,1.726880062,0.14,6.215446456,2.161130432,0.227075257,0.163402588,903.4006367,8.907264238,186.9284952,21.26663244,8.304126421,2.777480238,2.343772755,2.922134794,3.640332862,0.000161866,0.981256686,0.018581447
2,PP,0.208119984,0.03,0.446212682,1.744605237,46.21689851,9.472578172,1.173769731,0.187688552,1.792549229,2.8035839,0.144349976,1.044859442,1215.412582,60.38246303,279.0824441,57.85497664,26.20379469,2,2,2,3,0.000621316,0.805159968,0.194218716
2,PP,0.052893724,0.03,1.527001228,2.663682576,97.16657505,21.95585321,1.238120026,0.206116366,1.394960229,1.227408877,0.1316095,0.887224198,1242.57182,61.1058945,250.9755055,56.8193306,26.57868155,2,2,2,3,0.000536507,0.835743655,0.163719838
2,PP,0.055114363,0.03,0.365508572,0.670852661,57.86154087,18.90370891,1.440992116,0.196187244,3.658262016,1.663210966,0.265437711,0.952796912,3907.906157,46.68466656,140.4490162,55.87562692,24.42806598,2,2,2,3,0.000688165,0.899405844,0.099905991
3,PP,0.11308244,4.238266986,0.883026075,1.975754958,7.038197586,61.76543382,1.278806619,0.942002239,2.150779024,0.826013012,7.134317195,24.42771793,237.8101417,10.88819142,50.84623894,53.32235279,23.37556093,2,2,2,3,0.000583339,0.861916281,0.13750038
4,PP,0.535854693,15.56136012,3.480039501,18.4798184,16.80360122,433.2378343,1.296565096,0.336614193,3.486433829,8.455460938,8.926285513,0.919586779,805.4135927,29.24855353,1198.4632,68.18212748,27.3041026,2,2,2,3,0.039785979,0.401470535,0.558743486
4,PP,0.242637447,2.182152894,0.705276132,1.917149061,3.171809318,1224.056456,1.206193951,0.192876426,1.712937196,9.970254281,35.5535729,0.190251922,4994.230717,11.2861384,1895.398609,62.53188379,27.5358673,2,2,2,3,0.08549427,0.667048843,0.247456888
4,PP,0.618393332,8.593423255,0.954334357,14.63764255,3.553227382,1323.296029,1.512849524,0.433535841,6.934196319,5.354898582,1.349034138,5.698104661,5299.348575,32.78905061,1073.03546,70.19468913,27.87571353,2,2,2,3,0.020390555,0.11538286,0.864226585
2,PP,0.238949751,0.03,1.528552169,2.180980338,64.3694128,6.622077132,1.187937263,0.159807395,1.678959608,1.056437649,0.284490662,0.129450472,9801.90967,58.27257202,256.348155,56.20121635,24.7589825,2,2,2,3,0.000578704,0.921160207,0.078261089
4,PP,0.241440848,9.847864784,3.248533912,25.88925981,17.83083278,633.9180437,1.448152806,0.575233515,2.132612772,9.927821744,30.15660354,3.762214705,4672.581542,27.34557968,1438.435453,62.38268525,28.59573386,2,2,2,3,0.081425579,0.555249497,0.363324924
1,PP,0.341694813,0.042557762,3.589519473,3.191061003,9.529034755,495.2400447,1.716449159,0.14,1.950402891,1.87666707,0.142687816,0.15668803,3391.202339,10.4095017,247.734272,38.57333294,12.32890327,2.684852962,2.253031405,2.686041861,3.654342722,0.00032713,0.97990186,0.01977101
3,PP,0.114015635,4.717207746,0.697464254,0.679957457,13.41427737,122.5268746,1.176240916,0.379512095,0.278587453,0.765077682,10.31037323,12.84245669,1105.663861,14.95275564,267.1494953,53.48895137,23.42493472,2,2,2,3,0.000581922,0.948421223,0.050996855
4,PP,0.062005289,6.072135966,1.955154757,18.37449728,2.91427922,1339.290272,1.273994436,0.328453777,5.447650716,0.724249924,31.52307575,0.496641155,1713.384111,26.44117262,1616.686037,65.06693032,26.66949634,2,2,2,3,0.052286947,0.457552627,0.490160426
2,PP,0.074847541,0.03,0.911723677,1.357253895,38.27331209,33.74121495,1.345241448,0.158913789,2.923287664,1.939917887,0.245110764,0.504397327,1120.846861,65.8950967,433.521806,56.10407966,25.1585314,2,2,2,3,0.000569699,0.940381021,0.059049279
2,PP,0.296448333,0.03,1.367340619,1.071403539,93.28427764,29.17047105,1.447116787,0.163255834,0.930396016,2.32212865,0.200150573,0.790375938,3599.766666,15.92810534,245.8684431,56.13974434,25.25136035,2,2,2,3,0.000549692,0.937378844,0.062071465
3,PP,0.120464555,4.920453206,0.496942252,4.133285393,11.75744288,222.1852916,1.558156998,0.991695755,1.358583057,0.688633058,5.035233169,21.49200553,2933.435914,28.162868,378.6806687,52.70872302,23.46465293,2,2,2,3,0.000635891,0.905966447,0.093397662
2,PP,0.138540064,0.03,0.472154385,2.288449011,90.70906139,35.67754139,1.43999212,0.205677174,0.774285071,2.211572925,0.26708346,0.383089043,8876.877018,58.676878,195.9904957,57.6639553,26.59824886,2,2,2,3,0.000661987,0.842843567,0.156494445
3,PP,0.116737567,0.159522439,0.864398122,3.10997835,10.54884864,138.6196313,1.419582607,1.091384472,1.310059254,0.848267154,13.8243018,7.308900104,3062.091458,28.22827603,143.9513676,52.60841797,23.29907812,2,2,2,3,0.00054546,0.913661163,0.085793377
2,PP,0.252668037,0.03,0.472514244,2.885808767,146.6219341,14.32531815,1.321633098,0.199687518,1.724357707,1.880981032,0.284021187,1.005385997,11897.87493,57.60737219,181.3156565,56.83782476,26.29187303,2,2,2,3,0.000650153,0.813456337,0.185893509
4,PP,0.623785104,5.543531544,1.66553744,28.0487195,1.837012283,797.7335429,1.359537843,0.515369217,4.311624632,2.529298358,24.66545188,2.29928458,6877.185522,9.688387139,1441.200251,62.83074977,26.84891546,2,2,2,3,0.04382386,0.513597909,0.442578231
4,PP,0.226165638,12.46141191,0.635720322,22.64412741,18.75369571,1451.476411,1.260764353,0.550515355,5.193833419,9.809334566,6.033082707,0.233298439,7852.860684,17.12346643,2336.412993,68.15324397,27.4312127,2,2,2,3,0.039468841,0.190764929,0.769766231
4,PP,0.508316557,7.386522371,2.254224003,27.08924977,18.4238191,964.8407644,1.356823747,0.419740847,2.711648793,10.36646522,31.29951671,5.427480716,2166.333362,26.40990417,2211.597499,68.09805177,27.89387602,2,2,2,3,0.017718569,0.280438481,0.70184295
4,PP,0.169954265,10.77125922,2.788903971,27.23770486,13.22115461,803.1735915,1.318995179,0.570220515,6.565474246,5.35619516,6.487502765,4.931713856,7717.823695,7.324806378,1489.599929,68.00854864,28.10361773,2,2,2,3,0.074745475,0.555988885,0.369265639
3,PP,0.103237478,0.540480827,1.105524498,3.712350726,20.43501206,63.41863404,1.468238978,1.044581702,0.624620792,0.887262158,5.031650906,32.07030389,1703.371533,19.0057363,231.7107622,52.11679212,23.51739748,2,2,2,3,0.000601551,0.816713548,0.182684901
3,PP,0.084357632,5.051099679,1.208076318,2.294783634,18.3240062,105.9260928,1.213313038,0.670974401,2.17627488,0.765434941,14.10545211,21.51874481,2328.773047,24.95963275,352.9918257,54.80465755,23.39775927,2,2,2,3,0.000569551,0.845334624,0.154095825
3,PP,0.100220953,0.615650474,0.524550135,5.354598951,9.508384748,90.83332482,1.358111938,0.807175113,1.02255555,0.835115398,17.10403089,0.74458888,1516.693328,22.84104791,120.67518,54.44572734,23.30863634,2,2,2,3,0.000501818,0.925463104,0.074035078
1,PP,0.353454866,0.041700451,3.014552943,17.61389174,20.82408072,350.4153366,1.776219842,0.14,1.271027152,3.419799752,0.205862699,0.117882681,2584.055551,10.40289287,169.024279,20.64919563,10.4038638,2.368805579,2.549475259,2.373675873,3.826689302,0.000157019,0.983851437,0.015991544
3,PP,0.109357333,3.196083035,1.204708743,0.901334479,6.439310072,179.1553186,1.532432926,0.820696435,2.295789674,0.692211598,5.466676516,14.52126273,1152.719591,8.962290914,133.55162,54.72092725,23.47249271,2,2,2,3,0.000522105,0.914426995,0.0850509
4,PP,0.292475911,15.8902074,1.639558091,4.350642376,21.50308469,242.2780054,1.366513705,0.455378311,1.370072773,5.13728992,41.39225879,1.958741612,335.0282222,24.74260549,1214.403376,65.29591927,27.9911795,2,2,2,3,0.081999292,0.133469701,0.784531007
4,PP,0.563798399,3.287800757,2.478722322,29.24530318,23.92092357,650.3541394,1.411586476,0.376159561,2.222861957,3.308340956,2.585041967,5.218130462,4098.186597,14.01014839,2326.439572,63.46090932,29.10383181,2,2,2,3,0.073579437,0.111895222,0.814525341
2,PP,0.035821213,0.03,1.203739925,3.35120058,162.2582898,10.53875406,1.293518373,0.190640556,0.547771254,1.280372022,0.288190063,0.573550779,9806.093794,9.632931806,404.3590557,55.12245953,25.78369142,2,2,2,3,0.000645401,0.975421629,0.02393297
2,PP,0.230300699,0.03,0.864555052,2.359962125,83.28813988,4.717330397,1.202236311,0.154072074,2.364448987,1.434751366,0.305137835,0.281664762,11439.88008,65.87189432,79.18333731,56.01431103,28.25100205,2,2,2,3,0.000515299,0.831815169,0.167669532
1,PP,0.122806117,0.048141769,1.85257362,6.900367241,7.329176836,1963.744267,1.684261437,0.14,4.611350904,0.674363296,0.131747263,0.169715662,2967.603922,10.03258901,104.9754302,37.16032165,23.94282944,2.281807074,2.772436169,2.68479768,3.650829625,0.000232397,0.97009402,0.029673583
