Type,Polymer,As,Cd,Co,Cr,Cu,Fe,Hg,Li,Mn,Ni,Pb,Sb,Ti,Zn,Metals Concentrations-Al (ppm),Melt flow index (g/10 min0,Tensile strength (Mpa),Paper,Cardboard,Food residue,Others,PET,PP,PE
3,PE,0.03,1.31,0.19,3.35,20.4,73.5,1.17,0.2,1.64,1.07,7.07,1.33,1030,24.9,80.8,6.158396001,28.58902336,3.113324172,4.228178235,1.856396927,2.818417338,0.075535811,0.000546704,0.923917485
3,PE,0.04,0.24,0.19,1.79,5.81,195,1.42,0.26,3.6,1.79,2.64,1.66,971,154,224,6.078027961,45.72625489,2.934544643,4.443805318,1.430654123,2.806217259,0.136085773,0.000545482,0.863368745
4,PE,0.19,0.04,1.33,4.87,11.3,208,1.17,0.25,3.01,1.33,0.38,3.66,4070,57.3,444,8.583070255,49.97564423,3.998018282,5.84411179,2,3,0.385379351,0.005158072,0.609462577
4,PE,0.24,0.03,30.7,2.68,16.2,50.4,1.17,0.3,1.05,17.5,0.18,7.51,5330,85.7,290,8.376522985,33.72426207,4.883015764,4.415553065,2,3,0.220316442,0.088958122,0.690725436
4,PE,0.1,0.03,2.06,6.03,12.8,187,1.17,0.28,2.83,1.47,0.21,0.23,1770,7.86,183,8.260363064,39.04809021,5.63772815,5.126915158,2,3,0.521947689,0.046634609,0.431417701
4,PE,0.12,0.03,1.19,8.07,14.3,304,1.46,0.42,4.96,2.84,0.63,0.26,2300,32.1,354,8.84446687,29.58482422,3.155025721,2.638081889,2,3,0.290118027,0.084728878,0.625153095
4,PE,0.09,0.03,4.51,1.64,6.75,63.2,1.65,0.29,1.42,2.8,0.15,0.39,4110,15.9,160,8.008590728,39.47633014,5.465648577,3.426653902,2,3,0.923261527,0.010201475,0.066536999
4,PE,0.04,0.03,0.31,1.34,1.41,71.3,1.17,0.14,1.66,0.58,0.3,0.27,3150,6.6,178,8.916742193,50.0264609,5.714961811,5.602638369,2,3,0.285902188,0.089201955,0.624895857
4,PE,0.03,0.03,0.3,1.02,0.75,60.3,1.17,0.19,1.46,0.58,0.19,1.09,2140,6.6,241,8.809536247,40.46560195,2.711658278,5.383516296,2,3,0.427595623,0.09961113,0.472793246
4,PE,0.04,0.03,2.5,7.57,3.1,149,1.17,0.14,2.46,0.58,0.57,0.5,1720,9.35,237,8.150513089,37.07742572,3.667477975,3.256709804,2,3,0.744177604,0.082987008,0.172835388
4,PE,0.03,0.03,4.7,2.67,0.65,17.9,1.45,0.14,0.31,2.27,0.13,0.14,2370,8.21,59.3,8.044415908,42.38641576,4.430563485,2.557402038,2,3,0.516073142,0.080635374,0.403291484
4,PE,0.07,0.03,0.38,1.44,0.83,12.1,1.17,0.14,0.18,0.58,0.28,1.84,13800,16.1,273,8.047939592,27.60383951,4.446155906,2.1667714,2,3,0.360835158,0.055645958,0.583518884
1,PE,0.03,0.03,0.19,0.48,0.65,2.24,1.36,0.14,0.13,0.58,0.13,0.09,3.8,6.6,28.4,1.713942256,22.50324736,2.771844559,2.026522459,1,2,0.049390474,0.000426261,0.950183265
1,PE,0.03,0.03,0.19,0.48,0.65,2.7,1.17,0.2,0.13,0.58,0.13,0.09,1.56,6.6,28.4,0.317144364,36.19705331,2.178613765,2.88082817,1,2,0.005353539,0.000130957,0.994515503
1,PE,0.03,0.03,0.19,0.66,0.65,7.3,1.17,0.3,0.13,0.75,0.13,0.09,2.57,6.6,28.4,1.053072034,27.19533541,2.294784108,2.282462277,1,2,0.009319419,0.000115831,0.990564751
2,PE,0.03,0.03,0.19,0.48,0.83,2.8,1.17,0.14,0.13,0.58,0.13,0.09,11.2,6.6,28.4,3.093394213,24.19648659,3.419699596,2.21150144,1.260148948,2.229867827,0.070348777,0.000525421,0.929125801
2,PE,0.06,0.03,0.19,0.48,0.76,5.37,1.17,0.3,0.15,0.67,0.13,0.09,9020,6.6,12,4.662915859,24.49799819,2.866149285,3.390653301,1.627077998,2.208337527,0.189845887,0.000672775,0.809481338
2,PE,0.18,0.03,0.19,0.48,0.65,23.9,1.17,0.45,2.2,0.58,0.73,0.09,10300,26.7,213,4.799926821,40.03200898,2.506888965,3.796316737,1.069195523,2.282313352,0.066407157,0.000549554,0.933043289
2,PE,0.03,0.03,0.19,0.48,0.65,12.1,1.17,0.14,0.24,0.58,0.17,0.09,17.4,8.23,122,5.005173278,31.2972469,2.937358641,2.345052504,1.407703334,2.248109282,0.173934971,0.000580159,0.82548487
2,PE,0.05,0.03,0.38,0.88,2.52,34.7,1.17,0.15,1.03,0.81,0.37,0.17,492,27.5,470,4.275505535,34.35734308,2.343603099,3.865081053,1.637915674,2.002059645,0.094516302,0.000617952,0.904865746
2,PE,0.03,0.03,0.19,0.73,0.84,74.6,1.17,0.23,2.39,0.89,0.44,0.31,44.1,59.2,145,3.25141693,33.69634211,3.741323002,3.882354306,1.517325682,2.055948337,0.10198804,0.000582845,0.897429115
3,PE,0.39,0.43,0.49,4.83,15.9,110,1.17,0.21,4.25,1.38,12.3,36.3,6460,97.9,345,5.643372037,42.10651188,3.423945911,2.770672216,1.180753805,2.250253373,0.111498505,0.000618954,0.887882541
1,PE,0.03,0.03,0.54,0.55,0.98,6.68,1.17,0.14,0.13,1.33,0.13,0.09,3.14,67.1,75.5,1.044982593,25.00649166,2.625851532,2.275179447,1,2,0.02106555,0.000317626,0.978616824
2,PE,0.03,0.03,0.19,1.41,0.65,45.6,1.17,0.27,1.87,0.58,0.17,0.17,28.3,6.6,118,3.179373517,23.48255552,3.397343119,2.120279515,1.355582314,2.353176297,0.041702346,0.000575884,0.95772177
2,PE,0.03,0.03,0.19,0.58,0.65,19.8,1.17,0.36,0.46,0.97,0.13,0.09,19.3,101,117,3.017023284,47.35977726,2.826275613,2.415779009,1.50582603,2.430687832,0.163506008,0.000661054,0.835832938
2,PE,0.03,0.03,0.19,0.48,0.65,7.68,1.17,0.17,0.13,0.58,0.13,0.09,12.5,6.6,28.4,2.439513123,36.39322308,3.6642207,2.685676085,1.036521172,2.187784727,0.128430998,0.000635676,0.870933326
1,PE,0.03,0.03,0.33,0.86,0.65,3.61,1.17,0.14,0.27,0.82,0.13,0.09,6.87,6.6,32.5,1.682386902,30.6936237,2.681932536,2.234472358,1,2,0.048592677,0.000411323,0.950996
1,PE,0.03,0.03,0.19,0.48,0.65,2.24,1.17,0.14,0.13,0.58,0.13,0.09,6.75,26.5,85.4,1.48568685,31.89993541,2.775036267,2.972884678,1,2,0.044937849,0.000158231,0.954903921
1,PE,0.03,0.03,0.19,0.56,0.65,3.14,1.17,0.17,0.13,0.69,0.15,0.09,8.58,43.6,133,0.227579914,39.83340071,2.869939371,2.739153477,1,2,0.032615517,0.000220982,0.9671635
1,PE,0.03,0.03,0.19,0.48,0.65,2.24,1.17,0.14,0.13,0.58,0.17,0.09,6.45,6.6,108,1.310788861,35.96199222,2.966353681,2.310682113,1,2,0.028157144,0.000477904,0.971364952
2,PE,0.12,0.18,0.19,1.83,2.76,17.7,1.17,0.37,0.29,0.58,0.53,0.61,1780,20.6,91.3,2.857111651,32.58197791,3.897787189,3.458003024,1.115204831,2.297323829,0.150935113,0.000517675,0.848547212
2,PE,0.03,1.64,0.19,1.44,4.89,93.1,1.46,0.17,1.7,0.58,1.04,1.1,829,22.6,147,3.981606798,40.01174598,2.281904683,2.121771505,1.406257616,2.278952777,0.115012082,0.000523831,0.884464087
3,PE,0.1,4.5,0.67,2.11,4.5,43.7,1.17,0.36,0.7,1.62,3.2,2.54,2460,150,195,6.103454334,23.50998497,4.612835497,4.363732266,1.435310287,2.518168691,0.081232486,0.000630092,0.918137422
3,PE,0.08,167,24.8,36.5,19.3,268,1.61,0.34,4.23,13,117,16.4,1130,92.1,272,5.601066981,39.84741811,2.093331535,4.097039066,1.579272266,2.53834563,0.140343233,0.000679277,0.85897749
3,,0.106730253,127.4628843,4.122240572,27.73652822,19.29674,152.64382,1.583505811,0.244141715,3.315770046,8.051575838,95.10079543,23.74139498,1534.105886,95.86697798,282.1072446,5.626856486,26.50275944,2,2,2,3,0.173491679,0.000684478,0.825823843
1,,0.03,0.03,0.452294291,0.692276894,0.960221946,4.959607534,1.208818526,0.162872248,0.225359319,0.687356671,0.140707633,0.09,1.865038036,45.25727431,61.17887915,1.808097576,23.64967223,2,2,2,3,0.048918069,0.00037683,0.950705102
3,,0.128946958,18.05214284,7.507362103,3.449996992,11.70931314,186.0533957,1.301716504,0.339065648,2.755800763,1.072074122,4.32563405,32.61938496,4608.993335,153.5737871,190.1108864,6.308951398,37.90036132,2,2,2,3,0.063851986,0.000616209,0.935531805
1,,0.03,0.03,0.303497108,0.718894495,0.671263737,3.886966966,1.305198401,0.271057851,0.209275304,0.889514657,0.135872753,0.09,5.644465291,32.38496396,49.95353302,0.791875028,28.5012577,2,2,2,3,0.015640761,0.000273845,0.984085393
3,,0.290270009,76.07972828,21.7012464,20.94263859,14.90751823,249.6458224,1.188324829,0.290165525,0.849018434,4.505615075,100.4135049,17.03510913,4249.809701,127.6585146,343.5379549,5.573351419,25.38492543,2,2,2,3,0.135490428,0.000690652,0.86381892
2,,0.161456721,1.519733499,0.212880658,0.623106095,2.850032494,62.18542925,1.407905227,0.219716875,1.535862244,0.862236088,0.358365503,0.679377327,9841.47515,13.86467986,133.9291281,3.402824904,45.65525718,2,2,2,3,0.080863293,0.000543589,0.918593118
2,,0.137340072,0.333438616,0.278040162,1.013466548,4.061002074,63.91165479,1.438616306,0.372283519,2.150541864,0.625213015,0.280334729,0.374138589,4415.692909,23.08994869,201.6733409,4.883403462,31.52512474,2,2,2,3,0.011445428,0.000535887,0.988018686
2,,0.101406863,1.450864518,0.317594621,1.742909272,1.066531743,24.61230655,1.458627833,0.436837441,1.473217047,0.643189656,0.768572592,0.363213273,9024.961922,49.78697779,139.5310941,4.051278638,39.54221562,2,2,2,3,0.196578616,0.000541475,0.802879909
3,,0.146792398,53.8595666,8.155658651,36.14814762,12.92603738,247.1161742,1.335513927,0.307668013,1.485962187,1.843992213,69.25051218,25.98713092,4299.364273,104.5353924,151.2756208,5.687528496,37.33731213,2,2,2,3,0.165102031,0.000614185,0.834283784
4,,0.214899313,0.037589394,2.75935997,2.37305385,13.95296285,300.7825354,1.609596869,0.188750834,3.049985038,11.80646194,0.132564363,5.171794014,12510.79183,62.5760359,61.82161371,8.660609984,33.27299557,2.22281694,2.188229059,2.538681182,3.556204261,0.580948741,0.007638533,0.411412726
1,,0.03,0.03,0.462358727,0.606054829,0.893748931,6.042880093,1.301346715,0.265074618,0.267189788,0.904356101,0.160436946,0.09,4.396706658,64.81050572,103.9286007,0.713556458,35.03949728,2,2,2,3,0.030705714,0.000458211,0.968836075
2,,0.045226443,0.861470656,0.318504763,0.542831238,3.650613186,44.91216502,1.349168236,0.178731644,1.876721523,0.783912021,1.024073767,0.308392162,377.3627545,21.70253312,241.3744381,2.899965399,28.19549442,2,2,2,3,0.13767705,0.000693393,0.861629557
4,,0.051033295,0.039456601,10.78405805,7.794718884,12.59549791,191.5800857,1.269685194,0.254762414,2.220638527,13.43657712,0.2304711,6.701569185,10737.48151,23.76175018,342.618261,8.342452449,47.91517109,2.830938889,2.124244546,2.836549381,3.806954434,0.866148138,0.033582507,0.100269355
1,,0.03,0.03,0.454944716,0.521248992,0.869623962,6.786291273,1.302903818,0.228799608,0.18279808,0.874345519,0.164026588,0.09,6.794348935,54.59023544,103.7848678,0.411838678,30.67016554,2,2,2,3,0.014191998,0.000210458,0.985597544
4,,0.209439587,0.031312558,17.99006515,4.929756193,9.530573814,38.05917645,1.376510727,0.374006432,2.986722343,9.414634153,0.443897618,6.113603089,3352.423778,47.55258584,378.5484689,8.16552247,43.69002291,2.154905211,2.577317547,2.757059478,3.767753721,0.397384749,0.054868232,0.547747019
3,,0.29737455,0.65584628,13.18075047,28.34128455,8.463112998,112.1390208,1.533562173,0.327438813,0.931817903,3.912048316,88.62774166,30.8196213,5686.341638,121.4809425,307.6421914,5.726980351,28.73631391,2,2,2,3,0.099665947,0.000529872,0.899804181
2,,0.091848851,0.440051258,0.251339698,1.273408388,3.179539876,18.6180981,1.415003298,0.266430079,0.875285053,0.769355324,0.380430887,0.868872368,2245.636133,91.22677966,431.354466,4.454827548,37.40093616,2,2,2,3,0.036295948,0.000635521,0.963068532
4,,0.196036336,0.030332785,7.441517306,6.013211741,2.14779568,32.38980702,1.575597723,0.387471568,0.626745637,2.826477009,0.374417764,6.863167588,5614.352358,16.99633536,169.917737,8.054651652,48.92430891,2.866347189,2.13907817,2.181898293,3.371761394,0.657905116,0.036526227,0.305568657
3,,0.281574589,139.7614854,23.38550496,11.37847065,6.507546138,167.4209631,1.425316498,0.245527257,2.062849024,4.200103393,103.5845557,28.1469529,1870.472943,76.75364262,324.0819512,6.105215913,24.12610861,2,2,2,3,0.109681084,0.000677967,0.889640948
1,,0.03,0.03,0.396150024,0.717325056,0.735706509,3.143499383,1.209234003,0.222976268,0.157408623,0.82079704,0.147341638,0.09,3.854315984,59.46117862,48.66164929,1.089443082,36.79404013,2,2,2,3,0.039152396,0.000445644,0.96040196
2,,0.033007908,1.526736457,0.327470247,0.540131728,1.938437422,55.27833554,1.224625744,0.215026607,0.656908228,0.672750577,0.649897316,0.980951971,5371.114996,38.65421227,294.596595,4.878657715,40.50405721,2,2,2,3,0.108775829,0.000664067,0.890560104
3,,0.171532821,84.09126255,10.9034511,2.783936904,11.15065783,129.1146872,1.273012192,0.327082613,4.131288831,11.64238322,12.34803266,5.682869812,6126.406372,97.73487513,98.3286333,5.960645134,42.72520467,2,2,2,3,0.084448548,0.00062977,0.914921682
4,,0.04780178,0.030631944,24.95882186,7.477294624,5.249476799,75.34881952,1.467728839,0.235126567,0.365871908,12.74896651,0.423783253,4.818296197,5085.500389,26.5516162,348.6034694,8.823827983,47.1715524,2.694627487,2.288158202,2.747406325,3.879107871,0.651990947,0.019415194,0.328593859
1,,0.03,0.03,0.317732709,0.630327728,0.80982294,4.633681979,1.358075362,0.150959927,0.166897881,1.228229925,0.159193684,0.09,7.966332216,54.40057914,132.2492563,0.625915879,23.96236516,2,2,2,3,0.007416009,0.000463131,0.99212086
1,,0.03,0.03,0.538091119,0.781514149,0.750954783,3.908529223,1.190351707,0.296101315,0.218735332,0.945735836,0.150814198,0.09,1.635977222,61.43765636,95.59284052,2.378099476,26.5462609,2,2,2,3,0.031809729,0.000181711,0.96800856
3,,0.059154892,39.28303968,21.20402691,23.58444174,13.45123372,175.8310819,1.316741174,0.232791904,1.87875682,8.08988739,79.08484732,16.97943484,4109.303722,106.041782,99.08311481,5.723184399,36.88979998,2,2,2,3,0.092142711,0.000687855,0.907169433
2,,0.069008975,1.46385682,0.211144872,0.517665335,0.830398327,45.41085423,1.340760259,0.166458025,0.554574391,0.788900812,0.835796625,0.099398903,8327.688553,54.18987857,445.8951626,4.081041115,37.3105828,2,2,2,3,0.136789992,0.000545093,0.862664915
3,,0.341431951,45.96737559,10.07091221,24.49060014,17.10872179,178.7400176,1.498838562,0.2202696,3.498617866,1.63845438,64.82531027,23.91550841,1175.242391,137.6537818,225.948293,6.301166797,33.71630024,2,2,2,3,0.075183655,0.000631594,0.924184751
3,,0.198512217,15.15137719,23.0762233,27.4769265,7.076160271,150.0209844,1.527561098,0.273173451,2.909638041,4.107837224,94.6525701,9.619779003,5900.45304,97.89778751,255.3898113,5.756830546,23.53888169,2,2,2,3,0.147602034,0.000698602,0.851699364
2,,0.124596149,0.34645423,0.320500749,1.591625751,3.479457504,70.27543073,1.231957656,0.166222821,1.922857997,0.935462852,0.907651258,1.020907545,7331.276979,28.33947573,322.4162766,5.159353448,32.7028703,2,2,2,3,0.048291968,0.000508334,0.951199698
4,,0.165375522,0.03053096,11.3702935,1.582926424,2.449065573,61.2760631,1.308186589,0.411378138,0.18619329,0.732654876,0.586193436,6.149190392,13788.08282,48.01475279,212.5043486,7.869532414,44.73033124,2.923027805,2.718367554,2.169817457,3.634781406,0.460737439,0.097533263,0.441729298
4,,0.125480001,0.03192124,1.345071963,5.239585596,9.582283802,268.716034,1.366350914,0.354405074,4.329849848,11.88196946,0.26502906,2.890339205,13653.83939,76.34964743,403.1073078,7.967479307,43.45635764,2.696703736,2.509260237,2.41862551,3.371607302,0.528951551,0.088064131,0.382984318
3,,0.359262837,22.19925313,16.32350746,16.1593514,9.436464223,210.3984593,1.321125434,0.290010473,3.041305643,9.870757715,58.08300821,5.67762987,4034.145081,69.08881388,101.3200237,5.507598651,33.85361526,2,2,2,3,0.188712995,0.000505077,0.810781928
4,,0.07542804,0.031076843,14.52604278,1.469544704,16.16276653,12.40217304,1.317418039,0.30655262,4.872259904,16.67245476,0.268915847,7.324956733,8703.501961,60.79293872,199.4654127,8.803721824,40.77505242,2.181353688,2.459425174,2.079881064,3.160979818,0.839316202,0.055434948,0.105248849
2,,0.072626643,1.15925267,0.259307764,1.381591244,2.667536659,65.9909884,1.36723276,0.216438891,0.306227142,0.843707917,0.499208456,0.343659824,8373.99586,44.52338455,85.12361447,5.499679646,39.79265527,2,2,2,3,0.127243822,0.000527149,0.872229028
3,,0.143525264,97.81445326,10.05597271,22.11153256,11.72450173,85.07199433,1.466102445,0.344618107,0.76324647,6.940984253,43.23842604,9.132680702,2006.480051,39.74784313,243.3874861,6.142596706,41.67180444,2,2,2,3,0.118690959,0.000556557,0.880752483
2,,0.153744912,1.014495067,0.220194237,1.406302031,0.726401802,51.42050004,1.361686022,0.281283181,1.777553597,0.58568802,1.023072428,0.303021664,941.977287,32.77390797,161.7372808,4.449171124,30.43622942,2,2,2,3,0.126525057,0.000566612,0.87290833
2,,0.053140978,0.510524053,0.23571773,0.699388911,2.296195944,12.5139129,1.387385976,0.22665576,1.689781612,0.901709649,0.790504497,0.114886789,5477.290314,12.72451909,195.6512071,4.901329398,42.92174334,2,2,2,3,0.012740113,0.000600529,0.986659357
2,,0.148196674,1.34777325,0.2819859,1.072641879,3.780619026,39.89114888,1.287351371,0.436019954,0.567876083,0.805671444,0.487957221,1.094396733,5770.583218,76.15487441,61.3736417,4.777024225,30.47362698,2,2,2,3,0.043158296,0.0006317,0.956210004
1,,0.03,0.03,0.427713243,0.697662632,0.882077836,4.094796713,1.250162307,0.240432583,0.231451131,0.68871173,0.143718943,0.09,5.251468498,46.54102,48.32354539,2.057801092,28.60186658,2,2,2,3,0.03574405,0.0004946,0.96376135
3,,0.089061602,55.51543576,21.08018185,19.17221114,18.14565821,231.082906,1.205214541,0.206132923,3.833295417,11.77441331,57.67209256,22.75104169,2120.169256,94.1032653,107.9501716,5.608057719,24.87035461,2,2,2,3,0.135051682,0.000574612,0.864373706
4,,0.216382197,0.034273392,20.48096642,7.559799632,1.784453899,106.442347,1.354569784,0.206299226,4.002081184,12.41946898,0.301342193,2.726405866,8519.505395,32.98823125,432.6458217,8.848652889,27.95678857,2.050662801,2.099641051,2.231881996,3.129335791,0.282725306,0.019397056,0.697877638
2,,0.115259292,1.330270386,0.333375149,1.772749743,3.341049967,53.36736622,1.326346974,0.374351694,0.321616837,0.695523548,0.188978068,0.558842193,10000.54847,20.65514422,256.0102835,4.323281282,28.89349002,2,2,2,3,0.120960089,0.000633712,0.878406199
3,,0.154111728,142.7972995,10.13355523,25.64191393,6.804479182,104.3229865,1.456617905,0.336630805,3.402061442,8.14713041,23.8042124,30.40309946,5262.635503,77.19935254,221.3388254,5.867881011,28.97923658,2,2,2,3,0.057323973,0.000678382,0.941997645
1,,0.03,0.03,0.424164075,0.504369513,0.774391756,2.578277728,1.27422793,0.225909245,0.255898337,0.938106952,0.143704089,0.09,4.931474021,16.11534314,97.2352198,1.598941835,25.09882794,2,2,2,3,0.043548928,0.0002635,0.956187572
2,,0.111301346,0.878355267,0.258947948,1.549416149,0.799636565,71.67176099,1.279794173,0.354223705,2.215324325,0.774525426,0.368578296,0.432318687,2190.302782,27.22136553,382.1154723,3.558984665,40.90594944,2,2,2,3,0.141052831,0.000627165,0.858320004
3,,0.09351661,165.4609904,7.307175114,13.02816073,12.5418212,234.9166902,1.35640151,0.231298999,2.836363757,3.391875445,98.12868966,15.91118044,3504.492231,55.37820819,141.4775775,6.240153212,34.06993708,2,2,2,3,0.132949743,0.000687007,0.86636325
2,,0.081948821,0.976591716,0.270214947,0.517839244,2.704349793,62.114658,1.452547643,0.331041125,0.94777931,0.928568025,0.143105492,0.612308645,5897.798201,75.19071428,286.4204465,5.129902428,25.59613109,2,2,2,3,0.126420496,0.000665496,0.872914008
4,,0.090977311,0.033341889,28.42144502,6.078389623,5.424630531,224.1390825,1.639197952,0.189249186,1.869236503,6.758452214,0.169426621,4.55722764,5846.275134,13.37761329,192.1957616,8.096034945,46.06859433,2.208537202,2.358959358,2.225196765,3.475008795,0.39051415,0.081448441,0.528037409
3,,0.202872215,74.87106844,12.04633982,12.5328678,9.861142396,174.2833372,1.405779077,0.240439263,0.844406887,12.19996204,104.1746061,31.72970665,5554.740451,149.3585174,258.0326021,6.050219509,41.84720856,2,2,2,3,0.092880896,0.00064656,0.906472544
4,,0.161414248,0.037239829,15.33567905,6.927272992,1.11482883,98.99075645,1.618718128,0.280767461,3.082728354,12.53412136,0.554336935,1.586836178,4911.885726,6.676907588,260.3520937,8.122980433,35.3874102,2.929828996,2.112376143,2.260280443,3.649725459,0.376120096,0.080673641,0.543206264
1,,0.03,0.03,0.282086193,0.542654617,0.831458424,2.566504573,1.183542863,0.276963382,0.152668875,0.749031509,0.158152532,0.09,3.622916893,28.2635729,132.5230629,0.382196787,29.19305436,2,2,2,3,0.004026509,0.000163461,0.99581003
2,,0.160580112,0.788675177,0.317784298,1.538580841,2.907507601,62.56041272,1.250985257,0.163092387,0.772389911,0.764034518,0.254195338,0.251584707,6453.970701,12.28747123,81.16893707,3.816253672,46.56144476,2,2,2,3,0.186845616,0.000622678,0.812531706
4,,0.159018238,0.036122282,24.67626213,4.214718108,13.72881115,67.2193345,1.496561572,0.232622867,2.045785369,14.90092287,0.178218981,4.075990933,4124.841881,65.80329536,211.6012838,8.208897723,49.81117773,2.024270751,2.73080907,2.735421226,3.550964963,0.322429013,0.020362698,0.657208288
4,,0.122008025,0.033095243,21.41509667,2.739170143,7.479041991,113.2459621,1.222459162,0.251910752,1.742434082,5.167829749,0.189363838,0.322013222,11107.20552,31.03845279,165.2176787,7.879397217,33.5227999,2.763954153,2.441672854,2.429148321,3.80374424,0.659402147,0.017740969,0.322856884
4,,0.032510881,0.03486239,3.535771987,6.822899843,4.130434697,120.1770162,1.451510286,0.228966199,1.70390758,15.868308,0.335543314,4.634247281,5340.393397,67.80399902,162.2007783,8.826599451,42.51229585,2.768638434,2.739455681,2.655262761,3.52425647,0.498618637,0.022916245,0.478465118
3,,0.325777881,7.228362374,9.278754624,11.08849099,17.77506594,66.75544096,1.592273096,0.301869645,4.122920509,5.335426034,68.51711663,18.53063029,2781.492758,48.96336878,300.6604963,5.51319494,38.3925696,2,2,2,3,0.173084682,0.000601547,0.826313771
4,,0.078556152,0.034676102,2.850629953,1.565573081,15.49044912,224.7124875,1.587429825,0.326624499,0.186623842,16.38326337,0.375102695,5.92586282,4516.721675,34.95601502,123.6292622,8.306400432,29.21548383,2.936650509,2.716678297,2.254871891,3.634832704,0.780962,0.085821506,0.133216493
4,,0.11406137,0.034445709,5.468874184,2.245815465,5.29577015,157.4731095,1.434978018,0.193411387,0.530709941,14.69626566,0.569798612,0.632913417,10514.57941,24.44295536,236.5997366,7.711478567,27.85219764,2.213340219,2.473629391,2.171131399,3.143785852,0.609852845,0.043309253,0.346837903
4,,0.177341567,0.033034172,18.79926661,3.766781454,15.24738246,233.2584239,1.269726049,0.145699212,3.245690029,6.977707711,0.378262461,4.023753995,3687.130572,76.06075701,317.0031997,7.742888867,31.96603026,2.415487444,2.154594821,2.379389101,3.397227226,0.861923053,0.019837159,0.118239788
1,,0.03,0.03,0.48855157,0.571864794,0.736264289,6.120825467,1.172418607,0.158421399,0.227571155,1.272739823,0.152437989,0.09,4.315179195,15.90879017,108.5124787,2.119984349,34.68429055,2,2,2,3,0.019669109,0.00049277,0.97983812
4,,0.173213218,0.034808712,3.804762936,5.985781673,13.32363185,202.4748964,1.520893194,0.286098076,4.292884402,15.84375824,0.599955102,2.931940959,11811.9559,27.23174194,200.085435,8.50075657,46.41332708,2.675846934,2.679364631,2.189584051,3.120105922,0.30336088,0.00543188,0.691207239
1,,0.03,0.03,0.520920876,0.834452588,0.781062463,5.08274577,1.331489272,0.214735806,0.185528719,1.313263296,0.157492014,0.09,5.163499814,50.99816821,82.47114949,1.127007884,32.41437268,2,2,2,3,0.034830858,0.000374846,0.964794296
3,,0.268929209,84.52743441,8.868052912,18.78449014,12.62883959,188.2510763,1.457935126,0.342801584,2.360658001,7.026070129,88.78171415,12.17462098,3820.079819,57.09367392,178.5885969,6.217003253,30.42036162,2,2,2,3,0.051296455,0.000567244,0.948136301
3,,0.369950495,166.628768,23.67630364,24.56992499,20.10118478,257.0385239,1.370864462,0.359850169,2.908402465,6.101800971,99.93157589,24.49096675,5704.140679,47.09001265,227.5700136,5.757143855,32.62805396,2,2,2,3,0.150432687,0.000528544,0.849038768
2,,0.111926993,0.99944042,0.355626609,0.666048028,2.09233352,54.62580563,1.449868828,0.385326465,1.028183548,0.954548373,0.625624635,0.227574276,7050.235548,13.84820503,165.2689073,4.124520647,28.31284116,2,2,2,3,0.125605172,0.000683666,0.873711162
1,,0.03,0.03,0.29042802,0.749731643,0.655623169,3.682800663,1.313706156,0.202630774,0.246352077,0.602081834,0.147686762,0.09,6.651935344,58.68257668,51.82750362,1.17379288,38.60545356,2,2,2,3,0.002959772,0.000432197,0.996608031
1,,0.03,0.03,0.228768958,0.494848145,0.833106531,5.495500623,1.349274643,0.266333617,0.235333564,0.748855681,0.160878482,0.09,2.015792081,37.90826293,33.87840703,1.487867344,31.17231113,2,2,2,3,0.023744646,0.000333272,0.975922082
3,,0.162962281,151.7291061,9.895040606,10.59405629,7.766725363,111.1342862,1.261161304,0.217786961,3.590597176,5.783170458,21.446494,7.102158372,6012.31018,138.0853149,284.1525013,6.304067928,25.84607435,2,2,2,3,0.059474671,0.000567983,0.939957345
4,,0.103076053,0.038174822,6.816467629,3.661245955,9.692763892,153.1007676,1.576912706,0.335849513,4.547480422,5.157937908,0.548530903,6.643376085,7822.702352,46.09321056,323.7650719,8.361542036,36.09490294,2.110733875,2.22999892,2.255176935,3.281816387,0.691729126,0.007791401,0.300479473
4,,0.239476247,0.035106217,13.38389365,5.737691507,1.53248095,220.5976808,1.487536794,0.34986103,4.400800452,8.573764189,0.405784581,2.866916726,9227.789533,18.23542415,413.6892592,8.656693603,41.36146118,2.866449245,2.761987072,2.359126424,3.73036784,0.412666308,0.0704947,0.516838992
4,,0.179338303,0.030607836,4.90759803,4.902458901,15.07801167,241.331505,1.173679506,0.239798876,4.64215674,13.96391927,0.511320464,6.911650264,12042.50617,49.92570642,101.4082845,8.308673848,42.5472948,2.157392215,2.528192026,2.413820292,3.580707248,0.196113819,0.046481694,0.757404487
4,,0.0651437,0.037584509,24.42332052,2.784300588,8.438290425,191.7716965,1.221678911,0.142284758,1.30718061,2.5182294,0.341491324,4.328474208,9854.61032,61.51925797,419.9934447,8.554778059,38.67819631,2.915413073,2.451619952,2.363978871,3.879226939,0.125748069,0.091650349,0.782601582
3,,0.199570085,166.0764712,16.71116865,6.920174771,13.31406767,179.2207901,1.306670993,0.289840479,1.0488973,7.1117446,39.74921583,3.507028245,4290.910314,93.25160261,294.0070903,6.030009993,34.37196376,2,2,2,3,0.083894212,0.000664349,0.915441439
2,,0.107922517,1.092100659,0.338705807,1.476758416,4.611851524,79.23056765,1.227068807,0.381144215,0.364219683,0.75321595,0.151168135,0.963755134,9013.321722,37.31097875,267.3020235,4.236437339,25.12784688,2,2,2,3,0.087224283,0.000623619,0.912152098
3,,0.127712991,57.77772354,13.5023784,3.344206022,6.225281665,64.04301108,1.187708623,0.348685677,2.137458345,6.776836907,60.72743665,8.318293967,5401.484314,142.3574522,198.9952715,5.676435039,25.0550743,2,2,2,3,0.177108616,0.000580652,0.822310731
4,,0.088647939,0.031290207,3.838154248,1.983060204,7.456604663,280.7314569,1.453480957,0.18400627,1.522294537,12.23066631,0.629173987,7.190188398,13352.62724,62.09627462,116.3066442,7.771022837,46.90855029,2.056593703,2.314549093,2.615155152,3.896315819,0.352875612,0.040377918,0.606746471
2,,0.113466709,0.35629066,0.228740483,1.759703646,1.502389604,56.96072848,1.219343353,0.182768718,0.290085596,0.626295065,0.748684466,0.524118605,176.5978589,99.23732007,342.8388217,4.642491761,27.38150326,2,2,2,3,0.130988865,0.000573095,0.868438039
2,,0.058467771,1.383625999,0.287686001,0.580220328,4.006614777,34.0605587,1.196992996,0.255740126,0.27593064,0.85202724,0.295398186,0.236585051,5497.210166,35.53771248,148.1730447,4.813672101,38.00563397,2,2,2,3,0.067595588,0.000664039,0.931740373
4,,0.130982843,0.039200971,19.99376092,3.501993317,16.04056179,32.74007531,1.648479314,0.251260939,0.806737823,9.218235158,0.21198274,6.744642843,10762.62186,31.89359708,294.4850278,7.712841593,45.94297111,2.170878001,2.773020134,2.37341706,3.651664313,0.152369196,0.079078519,0.768552285
2,,0.063024383,0.375051776,0.209219421,1.439598151,1.959818288,59.10386196,1.248898021,0.331918383,0.477828738,0.716305807,0.840265781,0.839374241,1630.006351,99.89694722,91.39588276,3.576971261,34.64599153,2,2,2,3,0.005093971,0.000513697,0.994392332
4,,0.077266501,0.031853152,12.29890304,5.142463806,14.10552653,101.7326467,1.483374791,0.355821322,1.729900768,14.07289086,0.497809637,6.714285466,6105.332184,66.91295212,236.4424397,7.827963679,33.17612767,2.13673627,2.682550452,2.2204989,3.589717245,0.751612485,0.009816686,0.238570829
3,,0.297960198,126.143768,18.44576609,3.706197903,9.279784323,163.5661531,1.271795915,0.33112836,3.121781233,7.681375857,46.53940961,2.995839988,5962.966638,61.88226324,253.038475,6.183879283,26.18003497,2,2,2,3,0.168519155,0.000646391,0.830834453
1,,0.03,0.03,0.285733156,0.801239893,0.863443823,2.566213674,1.225017051,0.168394213,0.215974069,1.275357388,0.135361009,0.09,5.009818777,47.07154116,65.22918035,0.589826376,30.36517405,2,2,2,3,0.030953725,0.000490057,0.968556217
2,,0.06034608,0.049868978,0.337265067,1.219803967,3.979766564,20.91412101,1.450169078,0.220887682,1.815148062,0.63789937,0.147857202,0.154429445,8434.830263,20.18850551,201.1711208,4.457656912,37.85430839,2,2,2,3,0.043254808,0.000519385,0.956225807
1,,0.03,0.03,0.285882395,0.786398534,0.947556197,4.697591193,1.188697499,0.25473339,0.22192045,0.847332375,0.141032734,0.09,8.46004306,12.44658295,121.3251629,0.805968557,35.19319765,2,2,2,3,0.016311693,0.00031934,0.983368967
4,,0.134292034,0.036211059,8.911838118,3.004487248,3.040288912,266.6733563,1.527477567,0.412578656,1.724932476,5.671281973,0.572217767,0.371092796,11083.25917,23.86747413,74.88457408,8.687748067,35.2905875,2.106266061,2.484660686,2.802657303,3.469529876,0.566099249,0.081179641,0.35272111
2,,0.160981444,1.405836058,0.225352972,1.158894285,2.749090171,19.34863249,1.422360554,0.23083342,0.667433429,0.727399019,0.924882255,0.51037122,6993.9876,48.44351196,80.95385328,4.169506729,26.62668441,2,2,2,3,0.140592792,0.00058251,0.858824698
4,,0.101818707,0.032528846,19.9672468,5.085768664,1.304189247,173.0826691,1.417195945,0.372388888,3.71768653,1.97541992,0.552381543,0.628141227,2493.224222,59.97988163,294.5913954,8.02249647,43.5289516,2.449073309,2.146151759,2.552574067,3.511927037,0.632233806,0.023794855,0.343971339
2,,0.126387151,0.830494481,0.247943593,1.703980888,4.839912187,73.75785499,1.402853408,0.140718589,1.281949453,0.87921712,0.535742999,0.265244778,6684.72951,56.79054585,23.68669618,3.288052998,28.70787112,2,2,2,3,0.144779808,0.000608418,0.854611774
4,,0.090726717,0.034258803,16.63257355,2.938363087,9.466675677,64.86582402,1.537030179,0.184540943,1.289347319,13.00972309,0.218382441,6.975095073,6128.380705,28.57260514,360.5476701,8.14840643,42.83085918,2.250058289,2.289540453,2.537696096,3.610653233,0.618463381,0.083691622,0.297844996
3,,0.095745875,114.9358099,23.97484396,8.432918907,7.81564874,257.9984701,1.47955152,0.329801672,2.398103461,7.248215602,34.97024004,2.22126793,6102.537918,112.6005169,245.4581989,6.054640973,43.97027926,2,2,2,3,0.192010892,0.000547532,0.807441576
2,,0.154702881,1.09121383,0.245229791,0.845059567,2.065861681,32.48514709,1.289042465,0.293333681,1.104782259,0.793612504,0.419411344,0.720709179,5208.333066,47.48274678,186.560755,3.701456853,32.64385148,2,2,2,3,0.063422018,0.000576971,0.936001012
3,,0.117014297,166.2910492,12.77032865,25.59898719,16.24093294,215.6692608,1.363147151,0.350695274,3.563408479,12.44024955,81.3495641,6.212254876,3986.778409,131.1038086,154.1257932,5.756689989,34.07226923,2,2,2,3,0.059419287,0.000666948,0.939913765
2,,0.053046475,1.630036983,0.262950844,1.022504849,0.664619146,59.60603111,1.266731401,0.254968455,0.289888856,0.933757385,0.733744463,0.357236082,1316.197248,57.59265779,361.5394343,3.388420538,34.84917635,2,2,2,3,0.093492753,0.000566474,0.905940773
3,,0.142582709,161.9148907,7.46337731,33.03588808,17.71611063,220.1420244,1.520328023,0.331684184,2.934880132,9.813317481,65.17636488,21.45624051,4356.174652,63.52926329,282.5856398,6.018066189,24.37705943,2,2,2,3,0.103566963,0.000630363,0.895802674
2,,0.034968015,1.394675995,0.209992464,1.567565847,4.443050711,6.52729617,1.42902973,0.331003105,0.208330766,0.766129845,0.731821634,0.773292215,6316.803456,42.5943354,356.1412741,2.546855383,43.61424667,2,2,2,3,0.146576228,0.000618473,0.852805298
4,,0.208513426,0.036482253,23.01933182,7.513703131,9.015072401,24.38980697,1.399192527,0.331521327,2.740437456,0.66669187,0.442195677,4.808410298,4206.07962,74.67647788,393.7974579,8.284934269,33.73292164,2.062508092,2.582663646,2.771130031,3.332924589,0.407012834,0.085928375,0.507058791
1,,0.03,0.03,0.444493933,0.80026206,0.975535243,6.849354916,1.171952511,0.225711595,0.232876746,0.639615555,0.140032034,0.09,7.399914482,37.01339207,91.41536371,1.854947504,25.03016559,2,2,2,3,0.01544126,0.000295756,0.984262985
4,,0.110821137,0.03904295,12.59191111,5.930095584,7.101287007,297.2497019,1.521226778,0.244715509,1.489534837,8.094090335,0.44675405,2.79576834,9001.226626,65.12657192,347.9287458,8.703784998,49.5504466,2.878198175,2.784024388,2.382214153,3.640842255,0.391675077,0.085677403,0.52264752
3,,0.225380262,117.2946854,19.25832165,11.98204005,11.95778695,246.6120505,1.600804207,0.322904837,1.492165956,11.91669378,90.56803492,9.683797301,4546.318118,101.6336764,300.4167279,5.78152049,36.62008605,2,2,2,3,0.107429287,0.000646591,0.891924122
2,,0.160262028,0.956264158,0.337437452,1.120512075,4.877585694,11.13116864,1.291593762,0.271257208,0.57222204,0.860302123,0.559360138,0.113853262,2526.435643,33.23306803,295.6437976,5.47819072,24.47791951,2,2,2,3,0.155885141,0.000646086,0.843468773
4,,0.098366075,0.036755332,10.47192582,1.449268455,7.765893257,286.3751778,1.457370333,0.224401587,0.552960516,8.004895775,0.170723929,5.771528482,4787.231958,78.15075558,192.4323394,8.58126889,35.49005871,2.359958306,2.358115806,2.158190162,3.69013279,0.919347928,0.034058909,0.046593163
1,,0.03,0.03,0.194542508,0.581248266,0.953318482,2.734831672,1.224863525,0.191027534,0.186486818,0.771933551,0.150806715,0.09,7.361187636,42.4542711,35.03626606,0.468814944,35.6697707,2,2,2,3,0.03037681,0.000263351,0.969359839
4,,0.22458721,0.030571202,26.76033546,3.203847809,12.97750431,229.9200531,1.260684216,0.196998814,1.664283087,12.04778748,0.373419809,5.855435607,13000.72749,45.37289436,160.7590204,8.823549629,47.71174654,2.708021029,2.761015593,2.430542701,3.844943901,0.225306673,0.0223551,0.752338227
4,,0.071659707,0.03177053,10.0020894,1.940879357,11.65951147,235.4281554,1.379625799,0.250475573,2.824916307,5.176694615,0.469848885,5.041234411,4606.244221,17.0830098,254.4503922,8.499304581,30.32741487,2.918682202,2.699999448,2.529971706,3.266564325,0.153809422,0.046499677,0.799690901
4,,0.080640369,0.038336887,11.85095235,1.506326373,12.76670405,68.22302234,1.568644708,0.254882147,4.523690356,11.5020501,0.303801289,4.584726777,8562.57569,64.84979323,173.2142015,7.678233162,41.4889339,2.583696339,2.209696723,2.665711458,3.472856158,0.88004806,0.03413684,0.0858151
4,,0.205133857,0.03693325,19.40136268,4.56391086,10.29495795,19.66461868,1.242564438,0.259684493,3.546310881,9.813383039,0.295872773,5.357464932,5589.373271,45.18591477,254.4543059,8.47121408,45.60045867,2.180318624,2.551754746,2.598692845,3.387793776,0.668086292,0.010981547,0.32093216
1,,0.03,0.03,0.496698657,0.560364687,0.715405345,7.02497526,1.299065303,0.20599672,0.143808003,0.908861944,0.142596978,0.09,7.746905154,8.634195845,52.01206715,0.500740953,37.94319983,2,2,2,3,0.032005865,0.000231973,0.967762162
3,,0.068017238,46.72820035,18.47019136,17.81656897,17.19448857,243.7543956,1.228710097,0.315237874,2.459093689,11.36645112,17.23348302,15.00646562,1386.804493,123.0302855,154.9927992,6.25101425,31.47415859,2,2,2,3,0.199080465,0.000573424,0.800346111
4,,0.102424477,0.03772108,21.88153137,1.640260054,13.15011704,74.57535293,1.563534816,0.348395849,2.168825096,5.021758634,0.575408651,7.390777988,12891.39328,47.48980008,293.4698358,7.986212399,38.16243217,2.928604541,2.404003202,2.110549848,3.536419047,0.951952027,0.016117252,0.031930721
3,,0.067728526,40.84689605,19.39293985,2.050119737,5.898161758,56.01737338,1.27617949,0.230604209,2.699125505,5.828484901,32.47292605,17.74237519,2225.596084,97.28203072,247.1541918,5.769956309,41.0948143,2,2,2,3,0.066681606,0.000656536,0.932661858
2,,0.139988221,0.655205762,0.336046934,1.119909278,2.20305538,5.345274292,1.200544934,0.263136066,0.349081732,0.83680252,0.592063033,1.076799069,9746.017402,49.53602171,94.25053188,4.131842253,27.40766404,2,2,2,3,0.060836366,0.000519164,0.93864447
3,,0.129368328,151.1234795,8.671652028,17.40114293,17.23608449,223.1672118,1.428088929,0.324665626,2.943591573,8.494692937,106.1413779,6.243321447,5306.189975,92.9221331,272.9267946,5.893733459,23.70306868,2,2,2,3,0.152302218,0.000649936,0.847047847
2,,0.095355745,1.064309763,0.284419514,1.486653889,1.477791906,82.42382275,1.298588248,0.324632513,1.732607681,0.699206729,0.617718467,1.03675311,4214.03957,22.80100688,204.0790047,3.838706476,33.55091232,2,2,2,3,0.070530644,0.000591494,0.928877862
3,,0.343845873,8.149842312,22.12102214,17.57037468,4.682354859,163.5244001,1.278408417,0.238985882,0.730296786,8.965086011,3.905588699,12.70017897,3948.491899,40.24969488,148.6769529,5.947355146,45.4667249,2,2,2,3,0.082638283,0.00064527,0.916716446
3,,0.12789595,20.29136506,8.244420855,4.539064759,13.10144026,226.7719102,1.565758101,0.220181122,2.831276474,11.52143142,90.73853929,26.72925118,4871.291803,92.95097153,333.4412638,5.592920797,30.55326744,2,2,2,3,0.160347126,0.000680761,0.838972113
3,,0.212746992,89.76827522,9.358411914,32.98907758,15.7502071,239.3670687,1.257794552,0.348263252,4.050146455,11.47952532,92.18173777,21.17737177,6316.528932,48.98325391,241.8792349,5.992832757,38.03406738,2,2,2,3,0.094229508,0.000624711,0.90514578
1,,0.03,0.03,0.4344436,0.790780865,0.895301588,5.783645984,1.305340176,0.255777111,0.24968322,1.29343337,0.136813282,0.09,3.801524198,29.03813251,31.89229401,1.277569973,33.7901493,2,2,2,3,0.011453481,0.000352694,0.988193825
2,,0.169738698,0.725073472,0.21690586,0.710430524,1.785803825,61.94995377,1.437874873,0.299489593,2.012229678,0.906832966,0.955284615,0.520541202,7865.943704,81.57109106,414.0354759,4.20959222,34.89272199,2,2,2,3,0.164214233,0.000584739,0.835201028
4,,0.177063478,0.032065028,13.75427846,6.777399122,2.061797035,23.94571049,1.543245059,0.383920758,3.037473985,15.53915894,0.47772681,0.814821012,3670.268808,67.12618033,115.1789207,7.996815198,48.84458053,2.299288735,2.077421893,2.827250054,3.223340702,0.108486033,0.091758628,0.79975534
3,,0.081623078,10.50072257,23.42983153,29.0607327,14.30262768,76.82468775,1.540938365,0.259496102,1.602609079,10.29548796,41.44459727,4.316321287,2734.475898,105.7588004,294.987508,5.507447512,32.73719833,2,2,2,3,0.052837494,0.000697027,0.946465479
3,,0.162716457,145.2874663,11.12785958,31.74172666,10.36330932,152.524556,1.453875863,0.293477791,0.84741732,12.00422142,42.31151698,11.83474083,2432.985964,82.42498993,326.1565964,5.994175303,41.6931532,2,2,2,3,0.05126538,0.000598703,0.948135918
4,,0.124746428,0.03982629,2.04577948,5.517046106,11.44225007,106.6737398,1.436027008,0.325347437,3.845255647,14.11549804,0.155561117,3.631790664,4003.71675,55.30636395,340.5338146,7.989260298,36.39749633,2.760379201,2.168291293,2.335252721,3.460152271,0.836743235,0.062028681,0.101228085
2,,0.034577592,0.67682458,0.362597503,0.797376426,3.590959753,77.85762315,1.239272662,0.23373511,1.553421107,0.761827588,0.966811235,0.528506043,3001.286661,54.44265757,439.9693686,4.761316885,41.00948615,2,2,2,3,0.04547368,0.000591239,0.953935081
1,,0.03,0.03,0.428471181,0.595859104,0.752619302,2.757494482,1.329306685,0.196590242,0.208769913,0.748363365,0.167063671,0.09,4.645203395,42.13908742,69.15571647,1.460364626,33.3825877,2,2,2,3,0.047808329,0.000113341,0.952078329
3,,0.135430291,5.001879284,15.50028758,23.71515162,17.69954972,131.6502507,1.209303206,0.351968464,1.591309439,12.48601538,74.34201546,30.79825687,4381.081226,30.53396773,106.6017898,6.180781136,27.96354212,2,2,2,3,0.109768724,0.000572555,0.889658721
1,,0.03,0.03,0.224139981,0.799896985,0.872043181,6.081517972,1.171362496,0.206530529,0.208425304,0.70062634,0.142771352,0.09,7.262952035,15.86542734,54.74543082,1.841152696,38.96955303,2,2,2,3,0.004149011,0.00039839,0.995452599
1,,0.03,0.03,0.46853444,0.662379478,0.976227663,5.938992866,1.240648839,0.20857887,0.256192623,1.17463738,0.141801027,0.09,6.805122872,57.37412435,33.58524705,2.376448817,23.25188046,2,2,2,3,0.013945384,0.000283925,0.985770691
4,,0.235674101,0.034970404,20.36709447,7.109220941,5.383691128,302.9180655,1.553223064,0.36971371,3.934806442,16.31331814,0.402108266,5.859250792,4922.111885,50.39606691,361.8220771,8.685339162,48.19684717,2.551558128,2.696283039,2.163295199,3.505017011,0.322801673,0.07150164,0.605696687
2,,0.165539719,1.284158514,0.30861183,1.375853947,2.46555579,33.01586531,1.353488623,0.314790461,1.181284668,0.587524178,0.906432778,0.248454037,3030.190078,96.17201838,235.5912502,5.386342342,32.3578176,2,2,2,3,0.087138435,0.000592403,0.912269162
3,,0.039385427,100.3257291,22.46011978,26.79866244,4.622211503,246.4773988,1.337749009,0.228276615,2.811869247,6.26286242,9.386474501,26.27921118,6012.781281,114.8694876,240.5999287,5.598869999,43.83640571,2,2,2,3,0.094572108,0.000525895,0.904901997
2,,0.078169374,0.384197299,0.341811544,0.716559932,1.380486096,45.6248609,1.292344975,0.171575148,1.81637307,0.818618411,0.160656355,0.971814937,9992.566304,31.59789383,15.06791578,3.182690778,31.5950558,2,2,2,3,0.040284836,0.000526772,0.959188392
2,,0.05144701,0.712624206,0.362956739,1.487390264,3.041992313,11.16224958,1.354507237,0.240809363,2.165290583,0.63956187,0.796585793,0.434066497,1005.444249,39.52295656,39.64203163,5.401348039,43.86140544,2,2,2,3,0.077131396,0.000642739,0.922225865
2,,0.105718668,0.880861767,0.276970583,0.606045204,4.889104572,30.00566082,1.397252365,0.318390965,0.611715909,0.946889635,0.379357773,0.988081392,3547.311043,38.99709115,116.9131109,3.509519428,41.60237488,2,2,2,3,0.054276075,0.000683114,0.945040811
1,,0.03,0.03,0.302852275,0.855733317,0.916141938,6.425109618,1.28600127,0.243651509,0.176610079,1.174810959,0.155118193,0.09,7.998171657,39.78098102,86.80306699,0.416075812,22.58577003,2,2,2,3,0.020720007,0.00043094,0.978849053
1,,0.03,0.03,0.44540635,0.626139395,0.95493648,7.04430743,1.265663367,0.241338009,0.265373042,0.609965021,0.134650076,0.09,4.760688058,49.56590216,63.20979089,0.492465408,26.08768176,2,2,2,3,0.044636777,0.000162709,0.955200514
2,,0.131608646,1.14545849,0.344411479,1.3597113,3.183499264,87.98154778,1.390450651,0.152547611,1.32144295,0.60735958,1.029191936,0.304917376,2150.07638,75.3132227,278.894684,4.951245231,23.67694532,2,2,2,3,0.148829771,0.000673704,0.850496525
1,,0.03,0.03,0.310660607,0.560548789,0.78354262,4.252408204,1.173018842,0.190834167,0.266838379,1.075116935,0.136257804,0.09,6.074684338,34.55407928,78.57829169,0.899313691,38.2931779,2,2,2,3,0.029392904,0.000134437,0.970472659
3,,0.145422017,152.5858969,18.59445945,2.24374288,13.29176268,121.0084653,1.175057741,0.343953764,3.919828933,7.79848445,52.69006744,32.74897832,3925.575649,148.0540944,344.5246072,5.977518726,31.36466982,2,2,2,3,0.051837825,0.000619455,0.947542719
4,,0.234407067,0.031267615,13.87940976,5.594131963,7.619948828,39.03168548,1.337449004,0.177513363,2.007864229,13.80624053,0.569754806,0.641535512,13190.8092,43.33824269,155.929627,8.715280715,36.41046516,2.212064685,2.408265245,2.182969258,3.102448592,0.957570259,0.006665663,0.035764078
1,,0.03,0.03,0.25251945,0.553001562,0.858108432,3.403624819,1.359603936,0.20663616,0.251495693,1.044908135,0.159685428,0.09,7.45560897,67.01849976,65.28497541,0.418471474,37.13176607,2,2,2,3,0.048120972,0.000325643,0.951553385
1,,0.03,0.03,0.351785057,0.817843763,0.727810733,5.966629439,1.271545369,0.266736111,0.225386288,1.226176543,0.157689302,0.09,6.476969239,52.03622993,109.3956182,0.74098099,32.80363257,2,2,2,3,0.017331707,0.000292335,0.982375958
1,,0.03,0.03,0.259043565,0.802250515,0.815579503,2.50264303,1.294649445,0.185281934,0.154754003,0.985765044,0.169554648,0.09,3.695892775,40.36272148,42.17849269,2.366366615,38.34414673,2,2,2,3,0.007278147,0.00047217,0.992249683
3,,0.324515724,108.3847481,3.320852615,29.80555759,5.631728723,179.4929461,1.493635061,0.238316661,3.280861564,10.61893018,88.15005758,5.254851897,6226.573341,153.6423191,313.4619183,5.797701047,40.4809033,2,2,2,3,0.08008319,0.00062679,0.91929002
4,,0.041452256,0.03808458,14.97503168,7.521302223,1.895170641,70.64948089,1.424350554,0.206911967,1.235887195,14.54719683,0.457532203,5.319817735,9547.31233,50.0753627,303.9348519,7.886284335,30.61917222,2.46277241,2.802849668,2.564896354,3.520382626,0.50521241,0.079360205,0.415427386
1,,0.03,0.03,0.386139337,0.794396721,0.687383676,5.624257146,1.323454477,0.274456705,0.20438994,0.651948638,0.14435232,0.09,6.231560419,52.0530005,60.46781818,1.14422099,39.06483396,2,2,2,3,0.041887851,0.000414179,0.95769797
3,,0.154021154,113.6569031,15.33783949,22.11369054,17.18509335,116.126393,1.269320873,0.265799971,0.846189085,4.951010528,47.85231363,36.13987887,2415.070975,132.0043132,115.6917333,5.923262826,23.92786473,2,2,2,3,0.094328815,0.000502122,0.905169063
4,,0.129324191,0.031592794,20.18329739,1.102259433,13.73825851,118.8932688,1.188572204,0.267139576,1.284797697,16.26384272,0.193160527,5.554322979,8692.691174,74.14134817,349.4358301,8.414194302,33.78769434,2.474813865,2.544231249,2.558391936,3.408688984,0.788502184,0.084337911,0.127159905
2,,0.072725523,1.523823873,0.240196832,0.798742151,4.344096975,49.57169391,1.364238218,0.308777543,2.169966465,0.642517663,0.311552356,0.178531848,6111.53435,56.96804425,331.2341473,2.661182263,28.3504604,2,2,2,3,0.010570183,0.000620777,0.988809039
3,,0.227816082,14.27116496,15.16885662,34.90191476,12.05896244,105.2713679,1.176781451,0.233309932,3.952980488,1.365242819,55.15025826,33.80410293,1779.264733,113.5612887,301.7874205,6.040561607,37.77014826,2,2,2,3,0.064140169,0.000618888,0.935240944
1,,0.03,0.03,0.231721693,0.715601223,0.746071825,2.672154521,1.21627876,0.151471556,0.220527117,0.603372114,0.142156495,0.09,3.854340147,17.63312233,93.1640322,2.098853272,37.64628808,2,2,2,3,0.046700925,0.000340496,0.952958579
2,,0.085535421,0.384182039,0.231978821,1.515370805,3.491617979,80.66485438,1.273628723,0.188400335,0.946162166,0.631632488,0.882217826,0.265988534,10150.82598,90.77401138,352.255615,3.433865566,34.03498549,2,2,2,3,0.025707593,0.000654726,0.973637681
3,,0.196382363,127.8452566,10.14889994,34.93241521,19.23597369,224.5590362,1.380412075,0.241927858,1.432134655,7.865242739,79.98268566,32.08675007,5490.324878,121.7700579,182.0230203,5.810669486,27.06758056,2,2,2,3,0.130596933,0.0006864,0.868716668
4,,0.136518123,0.039257458,26.43852118,1.957061641,2.834642687,32.7290188,1.247923648,0.265141803,0.340609645,8.003415425,0.407073769,3.566200834,4441.785109,58.94860698,348.8782965,8.751124032,29.24536574,2.43346182,2.271391505,2.646244804,3.821770135,0.391372396,0.035216037,0.573411567
4,,0.034918689,0.035766295,14.02681861,6.572750605,13.43967427,269.1332353,1.212282037,0.322697088,2.919785948,11.5201399,0.527641522,6.165918908,6715.476829,20.13137845,320.149273,7.746959941,29.79420894,2.870415292,2.802741167,2.158649792,3.320260532,0.588579259,0.086132096,0.325288645
2,,0.079906679,1.122338836,0.200862883,1.185162274,3.53330919,57.74473074,1.300692865,0.311421439,2.352623068,0.774418637,0.532203585,0.880476445,3245.675769,20.15305481,401.7225839,2.875746924,43.71087382,2,2,2,3,0.17324865,0.000544348,0.826207002
2,,0.037864051,1.487821499,0.270192027,1.633717634,1.313547509,74.01498892,1.435831346,0.446350979,0.272064753,0.820452381,0.611454139,0.747158288,1901.274758,28.70734631,211.5593914,4.199703998,39.44223885,2,2,2,3,0.178061678,0.000658283,0.821280039
4,,0.2205719,0.039634157,1.184712704,7.185428742,14.65022273,93.16067519,1.398247677,0.286202266,0.48739054,10.25284994,0.20991717,1.769873817,7432.866132,71.2354542,242.4453001,8.188027899,38.32539024,2.062913204,2.752775477,2.187019911,3.188430373,0.305133092,0.014868176,0.679998732
2,,0.076837234,1.611889062,0.351141145,1.66724822,4.859424547,14.52992636,1.286226251,0.426370476,1.810569298,0.661405092,0.663782414,0.209588849,3644.920897,6.860944673,400.746226,3.191099084,45.82097476,2,2,2,3,0.007666413,0.000508151,0.991825436
1,,0.03,0.03,0.538268586,0.803180319,0.69066785,6.138233913,1.343517695,0.151846814,0.161715586,0.65924648,0.140350924,0.09,2.356869685,22.19100894,92.04238561,2.329661868,39.59977945,2,2,2,3,0.024491524,0.000112877,0.975395599
2,,0.100855433,0.392542316,0.284712161,0.774677777,3.387895878,43.41022444,1.272898338,0.195608404,1.518410185,0.685435672,0.85650178,1.040481569,7349.590723,58.24628741,46.92588602,3.958593418,23.65984395,2,2,2,3,0.030616913,0.00061369,0.968769397
1,,0.03,0.03,0.49614962,0.630542839,0.729828242,3.517957866,1.220135445,0.28950004,0.248220063,1.148524836,0.1665514,0.09,6.171180005,10.12343561,99.55600623,1.205967046,30.29677312,2,2,2,3,0.015298167,0.000388162,0.984313671
4,,0.218617794,0.037880923,0.600760012,3.574033751,11.28521685,58.66572679,1.171626477,0.299736963,4.625823199,2.61926252,0.382989139,1.733964863,11738.70273,9.510717081,201.9619802,7.767212881,44.22814613,2.755553435,2.19492369,2.08363395,3.20440944,0.954411981,0.023911422,0.021676597
4,,0.040326446,0.0304681,26.64632522,6.15057313,14.56369933,290.0667599,1.392276369,0.153107503,2.272703726,5.198735252,0.146132618,5.269461159,6226.085541,13.54562946,277.5754125,7.868757094,37.5882742,2.873170698,2.20149543,2.191051576,3.146270112,0.332722172,0.017986476,0.649291352
1,,0.03,0.03,0.2359056,0.854677736,0.907763031,5.263036266,1.189337701,0.270889589,0.135983076,1.023642937,0.136132315,0.09,1.747560139,20.68628278,83.58612739,1.588890972,37.36628094,2,2,2,3,0.007872649,0.000449035,0.991678316
4,,0.104446616,0.033771524,11.68413803,5.850570089,14.64353022,243.7395075,1.291825416,0.417079984,3.995234087,16.61784487,0.628366797,0.189988023,3367.27517,23.77964042,120.7762481,8.880636797,44.23396861,2.14134377,2.634759816,2.387130223,3.878843117,0.945425149,0.054414682,0.000160169
1,,0.03,0.03,0.358561209,0.508522812,0.89769014,3.772534558,1.330900165,0.283645209,0.152126308,1.091094697,0.155003721,0.09,3.95390814,39.28757476,68.51610305,1.4321069,26.66837509,2,2,2,3,0.036094327,0.000338435,0.963567237
2,,0.078588396,1.449343941,0.227041898,0.728271074,4.40258897,89.36544554,1.177537592,0.444104914,0.319102795,0.633310686,0.360933301,0.4651415,9294.67135,70.24813569,412.8716877,4.941831489,29.09729165,2,2,2,3,0.180172734,0.000636514,0.819190753
1,,0.03,0.03,0.535854804,0.48908628,0.666861487,2.27453022,1.174424617,0.194692091,0.144973911,0.908873132,0.140110946,0.09,7.584816033,45.79628961,75.1396616,1.402119676,25.03063206,2,2,2,3,0.043043944,0.000481276,0.95647478
3,,0.187536229,7.079535558,7.027352621,22.15613109,6.451506516,246.4049225,1.6039716,0.327779494,2.183411091,12.16394356,51.1696945,11.49607243,3892.46668,92.62304963,91.55430931,5.879534418,38.14743149,2,2,2,3,0.144612451,0.000633036,0.854754513
4,,0.161076759,0.032598367,29.92075414,3.949092865,15.12846483,172.2173733,1.38304055,0.282586588,3.164366753,7.802798496,0.159197011,2.25729741,11835.36617,63.30191141,417.7293471,8.276271027,32.81601103,2.865359407,2.114849548,2.108102617,3.613122539,0.446016328,0.004328883,0.549654789
4,,0.204769848,0.030451919,4.932217431,4.204903921,0.789529671,165.9645545,1.614066068,0.14453811,4.89515233,16.51590514,0.618134097,5.650903047,10559.71293,9.115816159,210.345471,8.90747825,40.31410288,2.608113356,2.788319587,2.21745301,3.667074383,0.379932018,0.067811118,0.552256865
3,,0.277999726,119.4979639,10.74665901,17.62792945,13.89776864,90.52945295,1.394632439,0.210570567,2.004116193,5.303991645,109.1090789,31.77126776,3613.225569,130.3189433,237.6219778,5.714880866,43.57876869,2,2,2,3,0.067640684,0.00069026,0.931669056
4,,0.136359376,0.03821978,13.2378282,3.204559852,1.476052772,197.2970282,1.555028013,0.303081142,4.014838477,4.706650006,0.174393958,2.895239908,12935.14729,71.33826776,255.8828181,7.905558138,44.55027107,2.763751916,2.159948529,2.521372039,3.128272009,0.344353938,0.098545469,0.557100593
3,,0.300980409,133.7245948,17.10717015,33.86528683,5.255605895,192.7254545,1.499886356,0.339558266,0.745973534,6.395278048,27.16046945,19.96889664,5699.937671,85.33022239,316.791702,5.530240235,30.35728551,2,2,2,3,0.183926623,0.00051281,0.815560566
4,,0.069482487,0.038475031,15.2320198,5.353298676,5.517034539,216.3186152,1.376861553,0.152602985,3.555135386,4.061541361,0.186391291,1.385358892,2889.506218,60.11509608,422.3589665,7.772956083,36.97748838,2.531103096,2.070928066,2.48808788,3.366308361,0.486845441,0.052966471,0.460188089
2,,0.093932812,1.118864799,0.206679531,1.821113042,3.16333776,61.25829309,1.302282488,0.211734558,1.211233312,0.630100448,0.990633395,0.523432262,10096.9726,86.6063265,402.1938906,4.843125127,24.94662542,2,2,2,3,0.109499365,0.000654874,0.889845761
1,,0.03,0.03,0.265962126,0.693514675,0.915474945,2.267820673,1.309783173,0.238965508,0.216421481,1.05968771,0.16966235,0.09,2.774319643,50.63673867,59.68807048,0.378360542,37.91991281,2,2,2,3,0.024949377,0.000447897,0.974602726
1,,0.03,0.03,0.216666258,0.729624195,0.724183722,3.616140869,1.274051477,0.213267776,0.169467381,0.858886742,0.168360487,0.09,2.379415764,29.09461538,109.0943004,0.693131036,39.71253887,2,2,2,3,0.019914091,0.000388518,0.979697392
3,,0.157511707,161.3404982,16.45981299,14.01421031,7.767428275,56.7419034,1.323844719,0.346381476,1.536471931,1.251504223,87.62922054,29.61337079,3819.716414,65.9186376,249.884704,5.518723028,24.93843171,2,2,2,3,0.068957531,0.000552708,0.930489761
1,,0.03,0.03,0.271911067,0.574813404,0.831296232,3.00342714,1.276643636,0.2114647,0.265003189,1.311510714,0.131193539,0.09,4.162060879,53.92728628,90.45644813,1.491483598,33.72886451,2,2,2,3,0.041226836,0.000214098,0.958559066
2,,0.155006567,1.446148689,0.204633601,0.598641897,1.472344208,14.08788069,1.455392521,0.236835477,1.408304016,0.636213229,0.189486171,0.16325346,8927.928806,65.50446905,112.4552239,4.565341238,41.97672457,2,2,2,3,0.022213663,0.000513226,0.977273111
1,,0.03,0.03,0.274828221,0.777313677,0.745179053,5.628166607,1.294756432,0.274141243,0.160429983,0.738941505,0.139930881,0.09,5.288371536,53.20883289,113.0650242,2.282861991,35.31347298,2,2,2,3,0.042192401,0.000281807,0.957525792
3,,0.325649786,45.91092004,0.692827647,36.31082046,4.653746191,63.73793533,1.29966231,0.227569612,1.986514926,2.063441369,25.24191116,7.646855231,4018.566181,121.7696396,81.14110021,6.060810236,37.64227714,2,2,2,3,0.124059062,0.000536103,0.875404835
1,,0.03,0.03,0.44518629,0.779799532,0.9065461,7.298123227,1.181475842,0.198168515,0.245536801,1.07038407,0.155294324,0.09,4.231287354,56.69380476,121.776461,2.334327208,30.94314312,2,2,2,3,0.011445999,0.00011598,0.988438021
4,,0.083611374,0.033079134,1.287697604,4.020248566,13.19967099,290.7439034,1.347775898,0.306879658,1.860123857,1.73515385,0.497248944,0.188490518,11224.85481,67.33429265,425.5719439,8.55455922,29.62766079,2.632880126,2.698987662,2.636125859,3.699567085,0.316756283,0.013215294,0.670028423
3,,0.068745667,85.94035716,5.857671818,27.56623542,9.890082918,180.8993881,1.198712732,0.269430588,3.276649957,12.22355544,8.439304654,12.04730345,5807.805083,122.3653871,153.6053654,5.645425681,33.17083966,2,2,2,3,0.188519374,0.000605786,0.81087484
4,,0.136975308,0.035138767,28.74291313,7.026984383,1.492691973,149.680208,1.613435782,0.329690432,0.408783409,10.2202592,0.456140283,1.331573229,3348.071945,46.07054114,267.8596435,8.890872003,28.78274548,2.638836059,2.608504043,2.371744475,3.142315099,0.765495805,0.063989284,0.170514911
4,,0.061299371,0.036230853,1.039348147,3.26581572,13.96156287,231.6950712,1.265093938,0.346891098,1.696548525,9.30789899,0.597610462,3.086720206,12159.45854,51.26666523,320.3389713,8.356376137,38.06699333,2.411495359,2.13626359,2.526434603,3.673187184,0.239739859,0.073407615,0.686852525
1,,0.03,0.03,0.508092976,0.497263735,0.77633289,3.654270136,1.269437211,0.166551644,0.138754248,0.901036173,0.144111076,0.09,8.319702855,15.26225323,99.08160716,2.389347838,35.02113629,2,2,2,3,0.003231204,0.00044732,0.996321476
2,,0.126778021,0.085420113,0.250239523,1.679559728,1.582674383,42.31871917,1.275101238,0.400721837,2.056465769,0.922193366,0.728781627,0.733133198,3497.069319,100.810614,27.28194597,4.561683723,38.19037741,2,2,2,3,0.128747044,0.000519547,0.870733409
1,,0.03,0.03,0.498531769,0.716530366,0.939012517,4.643033777,1.28488181,0.227297593,0.223671527,1.173620903,0.137724363,0.09,1.591533857,49.66876025,115.0053337,2.032696951,26.71203771,2,2,2,3,0.030332696,0.000466886,0.969200418
3,,0.252456543,110.6896844,6.373836379,30.17173238,7.622948428,76.19771262,1.528936948,0.212300234,2.760734384,7.82487538,113.1764713,30.85162858,2020.637025,79.38905476,307.1092302,6.235591093,38.34262404,2,2,2,3,0.191096916,0.000563866,0.808339217
3,,0.367296166,13.1932648,24.05799771,5.287456442,18.7533828,138.38133,1.242215566,0.277058152,1.734148879,7.690733646,18.27966091,22.82063764,2525.612864,148.7444121,131.8245029,5.631943389,28.54917223,2,2,2,3,0.056835327,0.000641888,0.942522785
3,,0.139765992,14.17805018,10.98338399,21.12943576,19.99709655,229.8449357,1.505218431,0.267986687,3.735317618,5.920752028,107.3398603,6.091307448,3976.890132,52.50026851,269.7219334,5.811308073,42.09505253,2,2,2,3,0.100997726,0.000532881,0.898469393
3,,0.103417569,3.228136142,18.10748466,8.421512068,14.44985047,247.2402609,1.506328522,0.275978838,3.145205127,4.362138656,48.9369061,22.85720947,1617.263907,96.31578642,292.3405986,5.698865311,45.17733036,2,2,2,3,0.10328856,0.000548178,0.896163262
4,,0.04405195,0.038780932,8.772234974,1.792318921,7.811081177,279.9342054,1.530426442,0.15297068,1.073425854,8.468710148,0.327483934,0.167893493,13706.25897,23.09294775,262.0313159,8.151228832,46.87549209,2.091938857,2.763847295,2.406688607,3.147310007,0.399231876,0.019135593,0.581632531
1,,0.03,0.03,0.213255357,0.527611542,0.884735668,2.265226259,1.270589696,0.19391631,0.208851702,1.29329764,0.144432807,0.09,5.26992534,47.28444274,78.3701779,0.466704499,32.27088905,2,2,2,3,0.032997834,0.000283923,0.966718243
1,,0.03,0.03,0.268228864,0.784137476,0.93189958,6.87863841,1.174630357,0.150012822,0.254573221,1.079392665,0.139457878,0.09,8.325407434,20.06568481,64.59603011,0.947947593,24.86250985,2,2,2,3,0.02868031,0.000133984,0.971185706
3,,0.038032483,130.6411035,4.990960013,8.005221949,15.44325326,107.0181137,1.272661897,0.342835133,3.143095311,8.350291178,53.44184947,8.206807351,4446.534483,153.888713,174.5587042,5.732540254,27.00613206,2,2,2,3,0.182538481,0.000578274,0.816883245
4,,0.087875896,0.038327677,18.54104108,2.667286153,9.628048135,271.8629021,1.632316797,0.378011824,3.251825698,14.46574014,0.1378967,2.920083404,8547.946153,67.77472661,154.2446693,8.065528234,29.93574197,2.687007123,2.349540723,2.199967488,3.533175227,0.54077726,0.02407362,0.43514912
4,,0.048268023,0.033714557,10.56700466,5.334138868,9.379870164,104.7971494,1.41006698,0.143096445,3.217250877,8.081993684,0.603778541,1.416115228,6753.252117,78.84980463,208.7864803,7.874946053,42.66621962,2.318147933,2.713372162,2.180376284,3.2477319,0.287079926,0.039618158,0.673301916
4,,0.092887465,0.03167453,3.786559666,6.610928235,3.448559977,242.7397752,1.542165975,0.191272102,1.91635669,4.714043126,0.508191878,2.718682034,6791.872564,45.18823214,134.93478,8.089994685,41.93202313,2.527735168,2.45462191,2.760452113,3.143040992,0.569271046,0.014928943,0.415800011
3,,0.35789441,116.5369141,9.757564744,16.93719555,17.279939,100.0171303,1.30927334,0.3476579,2.531692155,9.822792607,55.65956929,27.55702177,1515.222492,140.6549138,318.5852775,5.598501041,39.21515222,2,2,2,3,0.090536705,0.000593153,0.908870142
2,,0.062695394,0.819250243,0.291854898,0.779730388,2.662385789,30.89958729,1.360425652,0.272034299,1.462718732,0.647073795,0.654149834,1.067192166,7293.864436,27.21130814,396.4480024,4.065275534,36.51012066,2,2,2,3,0.057758729,0.000573349,0.941667922
2,,0.172353708,0.821046489,0.338474982,1.323329505,1.92389403,38.85825971,1.32808963,0.393011619,0.908418345,0.821519852,0.636041933,0.34202303,3973.472349,23.02659249,413.9601785,3.200767615,45.9702119,2,2,2,3,0.004247946,0.000684425,0.995067629
4,,0.05405295,0.037596451,8.255128981,1.731064692,5.675560979,63.51110511,1.525393577,0.368688443,4.700775554,6.536353332,0.30953944,7.085516274,6816.23569,58.57987373,237.7698615,8.794709261,34.84850162,2.917027087,2.743136873,2.691810561,3.833446883,0.571387177,0.08475149,0.343861333
4,,0.104724182,0.031298373,4.799690067,1.526128456,3.687091375,164.4004092,1.510628102,0.210608708,2.770499855,13.7816342,0.526343071,1.810577189,9471.757473,27.77515275,109.368365,8.913092382,31.28757451,2.468772192,2.326404672,2.712530189,3.228569926,0.616038163,0.091884724,0.292077113
1,,0.03,0.03,0.308488538,0.535936131,0.939421425,6.972926022,1.30327031,0.198221504,0.246006188,1.126169175,0.158005658,0.09,6.604149087,15.10024099,70.37370062,0.828185887,30.20983829,2,2,2,3,0.038159393,0.000119138,0.961721468
1,,0.03,0.03,0.396371812,0.681525766,0.750898913,4.355137083,1.222743652,0.298595868,0.26464335,1.303102104,0.166765469,0.09,1.952514053,65.92331323,59.58998067,1.724574132,23.75827837,2,2,2,3,0.016712632,0.000243807,0.983043561
1,,0.03,0.03,0.464862914,0.72964318,0.730217267,2.299650502,1.347660866,0.18149563,0.198126005,0.918256813,0.151445728,0.09,8.271359531,50.93809425,95.31478216,0.620683165,23.90965471,2,2,2,3,0.011505231,0.000456406,0.988038363
1,,0.03,0.03,0.536505822,0.835217743,0.925106993,5.101474531,1.187032423,0.154975213,0.257567003,0.761872339,0.153005318,0.09,4.282515532,59.83252979,45.70344827,0.466409163,35.18839638,2,2,2,3,0.005996441,0.000397678,0.99360588
4,,0.095120053,0.032377491,24.11750035,6.860062027,3.943756327,178.9356247,1.330802473,0.418629127,2.791890109,6.8196616,0.199324337,2.090785685,11412.68588,26.41053429,220.6234971,8.914990348,37.03866894,2.234360847,2.565044948,2.59934109,3.687944092,0.495360782,0.093817397,0.410821821
4,,0.076215692,0.037895542,10.63969475,1.70566431,14.1567271,43.17111653,1.601415475,0.151403544,0.930831954,15.33251971,0.619487165,2.831721116,4149.375814,70.154996,294.4245624,8.243943803,47.31942448,2.132670103,2.269679879,2.553545311,3.275822494,0.719268213,0.023338369,0.257393418
3,,0.04946565,80.81248272,12.33874451,23.72747191,10.90613229,173.8305659,1.449682136,0.348772003,0.836873636,5.976931787,66.7947827,35.69186857,3503.497197,123.8694945,84.0973819,5.977170092,25.24869111,2,2,2,3,0.120819153,0.00066404,0.878516807
4,,0.153737622,0.037540905,16.63706054,6.253252111,11.72751012,37.85887504,1.495679766,0.40852732,0.201070816,4.506110399,0.373941493,7.257906072,8968.036693,6.692308383,314.935656,8.499991388,29.3082378,2.940995395,2.23751596,2.253214427,3.635059093,0.362381626,0.001256415,0.636361959
4,,0.219131025,0.035048832,11.65783396,6.123398385,2.405564009,302.0877738,1.327796014,0.174539147,2.111456341,14.76123753,0.139470177,5.46932722,11587.38657,85.31837317,306.22445,7.785061413,43.6679238,2.319226433,2.45534308,2.305453799,3.733269403,0.142008205,0.073667356,0.784324439
2,,0.166932936,1.241254146,0.240812777,1.415054302,4.004359003,58.29315821,1.452424247,0.283182029,2.081582845,0.886558026,0.152718309,0.179118896,896.3633929,11.67582229,446.8842632,4.870788834,31.79292555,2,2,2,3,0.127223479,0.000690762,0.872085759
1,,0.03,0.03,0.228938501,0.53893145,0.682816528,5.065207269,1.180561013,0.216759151,0.226780013,0.927675896,0.140502004,0.09,1.761648207,24.9937585,38.96070569,0.549254098,39.50074654,2,2,2,3,0.029396454,0.000234043,0.970369503
4,,0.069631203,0.039655382,14.82917543,1.566354826,14.13052955,83.06449908,1.253779111,0.238507916,1.313806708,9.734958045,0.403387031,0.922667089,2997.698521,72.35104952,146.629567,8.647841335,42.04646631,2.493364977,2.790305552,2.677228055,3.573898871,0.819203563,0.065095198,0.115701239
2,,0.179668779,0.107513471,0.285461108,1.357232362,4.167802648,63.44141655,1.201204712,0.14491573,1.261709871,0.632819413,0.303130351,0.131502359,7193.140582,63.41396347,212.87252,2.458107769,28.79433179,2,2,2,3,0.130929919,0.000594525,0.868475556
1,,0.03,0.03,0.229051492,0.588578112,0.905010765,6.704645631,1.193103022,0.26622071,0.180743968,1.138228014,0.136324457,0.09,7.775292225,56.39992658,44.6924536,1.186821355,35.16356086,2,2,2,3,0.023319859,0.00011701,0.976563132
2,,0.120264736,0.207146749,0.21055676,1.29883158,2.718990294,27.8394762,1.378675951,0.201551198,0.794246957,0.623615518,0.769594875,0.119013611,8167.712638,46.87669873,426.2485028,4.372380501,36.80829232,2,2,2,3,0.150182753,0.000659232,0.849158016
1,,0.03,0.03,0.384127587,0.734801929,0.94615425,2.419574972,1.219565159,0.20373317,0.186232044,0.60520373,0.13470416,0.09,6.27597066,13.26235046,94.14448242,0.498095826,36.71361119,2,2,2,3,0.037783088,0.000302736,0.961914176
1,,0.03,0.03,0.52842662,0.752840175,0.713377917,2.546536102,1.295762141,0.176060799,0.267919446,0.584627474,0.131527323,0.09,6.68915247,36.3548601,44.20197888,1.319132843,39.1633716,2,2,2,3,0.046596274,0.000175855,0.953227871
2,,0.153210987,1.456206153,0.245384903,1.412729013,3.180928183,47.35964477,1.425528467,0.396936753,0.284817285,0.817483144,0.952108292,0.496805887,6158.853294,6.854954619,180.5885549,2.841102753,41.37028212,2,2,2,3,0.069424581,0.000693824,0.929881595
1,,0.03,0.03,0.509353123,0.772321594,0.666669606,7.282038452,1.280156254,0.204243731,0.172870692,0.678421795,0.165742293,0.09,5.12142692,56.52919522,95.86687206,1.966563344,27.08022178,2,2,2,3,0.021895913,0.000358907,0.97774518
1,,0.03,0.03,0.500657999,0.567197777,0.945614187,3.199279724,1.266726553,0.219430044,0.260102011,0.732139366,0.136907125,0.09,1.676140314,47.33647042,110.5851352,1.504145796,22.72872853,2,2,2,3,0.03043607,0.000258602,0.969305328
1,,0.03,0.03,0.281006356,0.692303041,0.958772206,6.615447345,1.195401876,0.278941013,0.149897763,0.65701937,0.155519562,0.09,2.341746544,27.34625181,99.8333474,1.627696468,26.4866614,2,2,2,3,0.018274848,0.000387388,0.981337764
3,,0.288915229,164.5728748,19.96304837,8.145320659,16.71170326,61.16688205,1.53708728,0.357025714,3.289442334,12.07991656,91.84294818,15.24373358,5562.890209,108.0656362,315.9591296,5.976626181,45.2252512,2,2,2,3,0.117183342,0.000683639,0.882133019
1,,0.03,0.03,0.531931659,0.800452802,0.663825858,2.60349482,1.179138655,0.234750085,0.257643246,0.619887998,0.156107197,0.09,3.960188286,39.92492454,132.3556566,1.816185813,38.92963331,2,2,2,3,0.041871999,0.000453534,0.957674467
1,,0.03,0.03,0.385330326,0.82745969,0.879065693,2.834714353,1.203223057,0.178403158,0.130034664,0.72409562,0.135369537,0.09,1.593713693,39.94367088,89.95650969,1.39194303,29.36327699,2,2,2,3,0.013279357,0.000454008,0.986266635
3,,0.14082523,18.62428148,18.10129088,6.59475732,7.167179792,240.935948,1.497699683,0.214140737,1.770055272,12.38903775,112.0040665,22.05366048,3535.457609,34.55992444,296.6380029,5.901253044,24.37562404,2,2,2,3,0.120946184,0.000670434,0.878383382
2,,0.106345535,0.247050533,0.32272944,1.789955823,1.845901345,39.99799574,1.387189799,0.177341648,1.160144027,0.871129617,0.341379827,0.174642987,9606.209912,28.59375402,184.4390176,4.967849675,39.35664225,2,2,2,3,0.132353927,0.000619401,0.867026672
2,,0.031486098,1.430400614,0.337965187,1.238538576,4.01018336,3.014177037,1.428333152,0.336722319,0.638552871,0.863530837,0.806907073,0.748111557,7228.979189,27.13393304,126.0290564,5.444134995,32.52836984,2,2,2,3,0.187629954,0.000585964,0.811784082
4,,0.177859126,0.031080702,14.88120373,5.353052691,8.307029012,284.649679,1.243948724,0.149272499,0.925214534,1.504929683,0.133945176,0.531058365,13082.3016,45.81598053,281.8132234,7.722961229,43.06289835,2.293836987,2.241756489,2.504370165,3.525980036,0.612722226,0.069360051,0.317917723
1,,0.03,0.03,0.267091469,0.687442922,0.677551663,2.525756127,1.23292629,0.277111769,0.148066449,0.747000466,0.130175653,0.09,7.860957444,44.98205041,125.4086314,1.288143144,35.77699205,2,2,2,3,0.02274943,0.000484047,0.976766523
3,,0.351097171,52.62649841,13.46747145,33.57115997,15.02579026,153.2459381,1.249312946,0.230827168,2.927303285,5.162539973,35.83133747,27.80211219,3461.582995,28.61496777,333.7937454,5.945975495,39.40128084,2,2,2,3,0.169946028,0.000628302,0.82942567
2,,0.098581573,0.593399576,0.215723977,0.866182294,1.871442284,19.18057838,1.292404609,0.41200393,0.996643525,0.815383033,0.488197104,0.548496893,1314.826252,91.44167946,383.4103987,3.069840427,41.36913641,2,2,2,3,0.111299747,0.00056345,0.888136803
1,,0.03,0.03,0.388196304,0.561340088,0.777259708,7.184029213,1.270425806,0.290340109,0.224071357,0.905660104,0.167400867,0.09,3.356778924,24.19515525,122.767906,1.334264246,27.23038456,2,2,2,3,0.007421106,0.000425485,0.992153409
1,,0.03,0.03,0.255197595,0.716377469,0.834810651,6.330632485,1.255877761,0.279017652,0.241506026,0.602956597,0.138491246,0.09,7.989699561,46.72810776,68.71876717,0.379991408,37.39256252,2,2,2,3,0.010780988,0.000391831,0.988827181
3,,0.224122534,143.6179076,6.988113015,2.435335862,4.933048124,48.52471661,1.574821741,0.312267689,3.987055204,5.243609675,11.51024024,22.25067667,2773.324397,37.05700368,261.599516,5.778243793,38.38689982,2,2,2,3,0.163937904,0.000534438,0.835527658
2,,0.039710097,0.892652668,0.27789495,0.835530556,3.746242188,13.55752783,1.346926488,0.345120418,1.705414871,0.856871969,0.312697372,0.402156069,7140.342811,22.10998984,322.0522877,3.339711902,43.02575674,2,2,2,3,0.073329371,0.000580179,0.926090451
1,,0.03,0.03,0.377446523,0.759116705,0.751969952,3.572407784,1.32218843,0.276409395,0.150562514,1.312145524,0.136546295,0.09,1.844717569,60.83291608,32.8479352,2.330379864,38.20263989,2,2,2,3,0.033146955,0.000257403,0.966595642
3,,0.224990092,100.991603,22.61148166,31.37681443,16.40755301,93.04718907,1.268196526,0.201098391,3.803755875,5.359033668,8.569499777,35.77975871,1693.456878,121.5082649,124.0899858,5.772931193,43.43407472,2,2,2,3,0.099523259,0.000552994,0.899923747
3,,0.327699311,55.08435738,2.845157693,34.06768761,10.94062593,50.44963184,1.213299466,0.350936091,1.788541311,1.909961214,18.06362722,30.30571324,5683.052646,108.9819394,210.4052808,6.215495896,44.84815815,2,2,2,3,0.093256874,0.00050321,0.906239916
2,,0.142852339,0.142089424,0.293828128,1.282098899,2.796678138,69.9310431,1.366447503,0.193968279,2.14166783,0.62813847,0.734524492,0.953314021,4868.949716,69.8033212,212.9270422,2.854701664,43.89247145,2,2,2,3,0.053238026,0.00054568,0.946216294
3,,0.146841295,106.9513822,18.33811779,9.675289333,13.79123827,58.3487112,1.369075925,0.270661856,3.603548289,9.356126083,52.33766147,17.91713216,1787.528887,121.0612667,139.3111759,6.264459927,35.58105466,2,2,2,3,0.133530916,0.000584377,0.865884708
2,,0.066881423,1.027410164,0.361175067,0.976117712,1.099459218,84.97058447,1.423074415,0.396448735,1.601786381,0.93937329,0.856780279,0.667091333,6643.822431,96.3549896,357.715364,3.696342404,46.84315111,2,2,2,3,0.119712711,0.000524711,0.879762578
3,,0.130101718,87.89010124,8.487101603,4.846750309,4.920007331,255.4127648,1.32944815,0.229708438,2.03126901,10.20574666,32.63380717,15.52457388,4525.560981,26.98499726,166.6096333,5.883800529,36.58923893,2,2,2,3,0.16089336,0.000587686,0.838518954
1,,0.03,0.03,0.267344839,0.516336172,0.844627838,4.106018119,1.318734344,0.236379362,0.206389828,1.189508725,0.13088586,0.09,1.728672847,46.24586091,44.80040569,1.123892692,33.48724564,2,2,2,3,0.047705092,0.000377257,0.95191765
3,,0.34650719,56.76116662,20.35594036,29.09608585,18.16703658,220.2720913,1.332004633,0.295930106,3.796437747,7.285032085,100.3481722,14.14490661,2318.018677,112.115342,215.3956922,6.165987664,30.36671418,2,2,2,3,0.070710246,0.000665382,0.928624371
3,,0.196554283,93.71272584,12.4968147,4.230124419,10.60509077,222.0058113,1.405010841,0.232463465,2.402262545,1.443552628,58.76330613,32.64552806,3252.195129,60.40768674,265.3898861,5.800456481,37.02995006,2,2,2,3,0.083723049,0.000689074,0.915587877
2,,0.141901206,1.332759368,0.320973675,0.828056439,1.343198768,15.01169264,1.256190893,0.306441098,0.974590627,0.825008687,0.739861671,0.130327311,2146.172247,40.06745889,12.5844899,2.596526877,45.28733534,2,2,2,3,0.151205002,0.000559789,0.848235209
4,,0.109934204,0.037709252,28.51733532,4.786654353,4.018775808,240.5721279,1.415215223,0.215464491,3.007706553,5.053857403,0.405822275,2.621347416,5737.964038,82.16392076,424.6597037,8.45642909,40.01721301,2.504455965,2.151371479,2.736570945,3.343969038,0.318032684,0.015672637,0.666294679
3,,0.140992742,134.2609293,1.076816922,26.26381018,7.163009183,135.0155349,1.398257748,0.299539295,2.363684856,1.170933723,28.06590928,24.3932846,4328.056213,27.7504791,272.3356569,5.652789886,26.01263646,2,2,2,3,0.189013115,0.000578372,0.810408513
3,,0.3500073,150.9072187,18.70701328,31.59451909,4.989848245,101.1529191,1.346945257,0.236916546,0.915228793,6.071447105,102.2295529,7.361213846,3870.908836,72.7982815,233.0474311,5.658737076,40.52258531,2,2,2,3,0.170346321,0.000514522,0.829139157
4,,0.159865814,0.031491004,24.00327128,3.230491099,13.97500038,58.16802776,1.555884983,0.145631548,4.476289036,11.35970222,0.506138224,5.811347806,2338.87154,47.30079822,321.7440265,8.024880023,30.7503116,2.088157668,2.391551673,2.188648636,3.60361787,0.428341239,0.064516026,0.507142735
2,,0.142896366,0.373036901,0.356175052,1.789002285,2.748049137,66.2412912,1.195675348,0.245225754,1.057090227,0.834508648,0.697826144,0.551929972,1642.756259,33.45370412,242.2676949,4.022676089,46.81418269,2,2,2,3,0.083501351,0.000505931,0.915992718
1,,0.03,0.03,0.336138424,0.850325808,0.839141606,6.292473249,1.238491727,0.243453515,0.143469139,0.95445946,0.146289859,0.09,4.867939502,8.600599149,100.9856185,1.575945317,22.88584975,2,2,2,3,0.007569267,0.000410801,0.992019932
3,,0.314409216,55.56491689,14.29787271,8.383135342,9.023153818,62.88558765,1.309561506,0.254205685,2.546709385,9.305205771,104.3167061,2.033950292,5444.331054,137.3539334,329.1443698,5.70242785,34.77835756,2,2,2,3,0.111397212,0.000513495,0.888089292
4,,0.069129308,0.03516348,9.314872618,4.763536336,13.95443496,161.3821077,1.29474173,0.383945685,1.150896372,14.54892766,0.346105081,4.381918043,13181.53505,75.12931761,189.1238911,8.028231771,34.63527476,2.566897772,2.146545004,2.8468709,3.163861371,0.334846935,0.065016849,0.600136216
3,,0.245471586,137.7679669,12.44391251,29.76781385,12.48025867,192.2513582,1.465504238,0.216110691,2.706910369,10.8345302,56.54417091,10.09323784,2663.786727,131.4795361,324.4846899,5.709270179,42.83326559,2,2,2,3,0.068610185,0.000546541,0.930843274
1,,0.03,0.03,0.530456603,0.504112206,0.74835501,6.994557832,1.197242175,0.146332898,0.256244183,1.158156823,0.135577277,0.09,1.952651376,66.42889019,90.63021867,1.037259167,24.44035926,2,2,2,3,0.007287816,0.000289685,0.992422499
3,,0.371481317,118.345994,21.59913819,31.05764739,18.36555441,145.5216632,1.533390474,0.349571033,2.806213257,7.937301039,18.42678001,9.07415464,2956.027159,78.58588986,121.889495,6.30949333,24.08057234,2,2,2,3,0.183032958,0.000649959,0.816317084
3,,0.069421855,112.1399198,5.140335706,27.17435946,17.04478898,178.8458535,1.252500255,0.201724566,3.531811381,1.634188567,73.27443178,19.88530786,3139.639081,26.37181905,210.737145,5.904439219,38.70791904,2,2,2,3,0.188755492,0.000651435,0.810593074
1,,0.03,0.03,0.355672651,0.721351899,0.892255268,3.666163879,1.242566764,0.242759219,0.251163564,0.685827318,0.166271245,0.09,6.039160425,64.03694601,100.7199054,0.346470396,39.3096137,2,2,2,3,0.045931063,0.000295862,0.953773075
2,,0.070973964,0.942510951,0.364083547,0.601363414,0.720346871,69.16826433,1.344416235,0.166614691,2.08901348,0.866439058,0.184726708,0.788991575,9817.265202,62.56467566,432.3716753,3.567042303,41.51441202,2,2,2,3,0.046978587,0.000554982,0.952466431
4,,0.132370415,0.035530088,6.485460346,3.648220954,10.63384816,200.2862505,1.632761059,0.185633504,2.264238961,15.32671646,0.485517941,4.185809816,7345.051478,27.80785342,326.3790523,7.897839339,46.38073195,2.930701297,2.65876749,2.817862247,3.13546711,0.476205268,0.087255957,0.436538775
1,,0.03,0.03,0.360587303,0.803791154,0.899657513,3.120541427,1.202581171,0.147645265,0.197295649,0.692401499,0.154686881,0.09,5.115922822,42.72567069,32.76540113,0.98421517,34.97476038,2,2,2,3,0.031014929,0.000482428,0.968502642
2,,0.123573975,0.349612644,0.371574141,0.841919226,4.131477434,45.02612145,1.384387449,0.252715448,1.608093527,0.586801079,0.171379611,1.089867411,5555.945128,10.95660256,127.4859733,4.17667791,26.16212768,2,2,2,3,0.04881866,0.000670823,0.950510517
